"PHASE","ADNIOnlineID","GENOTYPE","update_stamp"
"ADNI4","ADNI4-DDY-QHN","2/3","2025-03-06 09:38:53"
"ADNI4","ADNI4-DCH-D7G","3/4","2025-03-06 09:38:53"
"ADNI4","ADNI4-D34-QX3","3/3","2025-03-06 09:38:53"
"ADNI4","ADNI4-9WJ-GJL","3/4","2025-03-06 09:38:53"
"ADNI4","ADNI4-9KR-HCM","3/3","2025-03-06 09:38:53"
"ADNI4","ADNI4-7NQ-4Q3","4/4","2025-03-06 09:38:53"
"ADNI4","ADNI4-6CN-74N","3/4","2025-03-06 09:38:53"
"ADNI4","ADNI4-67R-7MH","3/4","2025-03-06 09:38:53"
"ADNI4","ADNI4-4QH-JPM","3/3","2025-03-06 09:38:53"
"ADNI4","ADNI4-DHK-KJJ","3/3","2025-03-06 09:38:53"
"ADNI4","ADNI4-FHM-RFH","3/4","2025-03-06 09:38:53"
"ADNI4","ADNI4-GJM-NLK","3/3","2025-03-06 09:38:53"
"ADNI4","ADNI4-JYM-CFH","3/3","2025-03-06 09:38:53"
"ADNI4","ADNI4-KH9-MXF","3/4","2025-03-06 09:38:53"
"ADNI4","ADNI4-KY9-CWR","3/3","2025-03-06 09:38:53"
"ADNI4","ADNI4-LDC-PR9","4/4","2025-03-06 09:38:53"
"ADNI4","ADNI4-MDK-WFX","3/3","2025-03-06 09:38:53"
"ADNI4","ADNI4-MFR-9GQ","3/3","2025-03-06 09:38:53"
"ADNI4","ADNI4-MY9-PN9","3/4","2025-03-06 09:38:53"
"ADNI4","ADNI4-QHY-LLN","3/4","2025-03-06 09:38:53"
"ADNI4","ADNI4-QKD-HMR","3/4","2025-03-06 09:38:53"
"ADNI4","ADNI4-WNX-FMQ","3/3","2025-03-06 09:38:53"
"ADNI4","ADNI4-XLF-Q9W","3/3","2025-03-06 09:38:53"
"ADNI4","ADNI4-YXN-HRF","3/3","2025-03-06 09:38:53"
"ADNI4","ADNI4-6JR-63W","2/3","2025-04-14 08:19:45"
"ADNI4","ADNI4-RXD-373","3/3","2025-05-05 09:26:14"
"ADNI4","ADNI4-MCL-HQK","2/3","2025-05-05 09:26:14"
"ADNI4","ADNI4-M99-QCK","3/3","2025-05-05 09:26:14"
"ADNI4","ADNI4-KHG-WRX","3/3","2025-05-05 09:26:14"
"ADNI4","ADNI4-6PC-X94","3/3","2025-05-05 09:26:14"
"ADNI4","ADNI4-6J3-WWG","2/3","2025-07-10 10:10:03"
"ADNI4","ADNI4-6F7-H3D","3/3","2025-07-10 10:10:03"
"ADNI4","ADNI4-69F-6Y3","3/3","2025-07-10 10:10:03"
"ADNI4","ADNI4-67Y-RR6","2/3","2025-07-10 10:10:03"
"ADNI4","ADNI4-67M-QM3","3/3","2025-07-10 10:10:03"
"ADNI4","ADNI4-4YD-X3G","3/3","2025-07-10 10:10:03"
"ADNI4","ADNI4-4WP-6M3","3/3","2025-07-10 10:10:03"
"ADNI4","ADNI4-4K7-R7H","3/3","2025-07-10 10:10:03"
"ADNI4","ADNI4-47J-4WJ","3/3","2025-07-10 10:10:03"
"ADNI4","ADNI4-43C-3PC","3/4","2025-07-10 10:10:03"
"ADNI4","ADNI4-3WL-64R","2/3","2025-07-10 10:10:03"
"ADNI4","ADNI4-3NN-N46","3/3","2025-07-10 10:10:03"
"ADNI4","ADNI4-34C-JWP","3/3","2025-07-10 10:10:03"
"ADNI4","ADNI4-33R-CDG","3/3","2025-07-10 10:10:03"
"ADNI4","ADNI4-339-Y7J","3/3","2025-07-10 10:10:03"
"ADNI4","ADNI4-6JL-W46","3/3","2025-07-10 10:10:03"
"ADNI4","ADNI4-74M-MC3","3/3","2025-07-10 10:10:03"
"ADNI4","ADNI4-77G-3KF","3/4","2025-07-10 10:10:03"
"ADNI4","ADNI4-973-6YF","3/3","2025-07-10 10:10:03"
"ADNI4","ADNI4-99M-KLD","3/3","2025-07-10 10:10:03"
"ADNI4","ADNI4-9CJ-NFK","3/3","2025-07-10 10:10:03"
"ADNI4","ADNI4-9DD-PHX","3/4","2025-07-10 10:10:03"
"ADNI4","ADNI4-9HF-PFC","2/3","2025-07-10 10:10:03"
"ADNI4","ADNI4-9JJ-YDY","3/3","2025-07-10 10:10:03"
"ADNI4","ADNI4-9JK-WCR","3/3","2025-07-10 10:10:03"
"ADNI4","ADNI4-9MY-WHN","3/3","2025-07-10 10:10:03"
"ADNI4","ADNI4-9QC-WMX","3/3","2025-07-10 10:10:03"
"ADNI4","ADNI4-9YF-YR9","2/4","2025-07-10 10:10:03"
"ADNI4","ADNI4-CFG-767","3/3","2025-07-10 10:10:03"
"ADNI4","ADNI4-CFP-YLD","3/3","2025-07-10 10:10:03"
"ADNI4","ADNI4-CHQ-CYD","3/4","2025-07-10 10:10:03"
"ADNI4","ADNI4-CKF-CHX","3/4","2025-07-10 10:10:03"
"ADNI4","ADNI4-CMM-FFP","2/3","2025-07-10 10:10:03"
"ADNI4","ADNI4-CWN-LGF","3/3","2025-07-10 10:10:03"
"ADNI4","ADNI4-CWY-WY9","3/4","2025-07-10 10:10:03"
"ADNI4","ADNI4-DDW-MJN","3/3","2025-07-10 10:10:03"
"ADNI4","ADNI4-DGY-GXC","3/4","2025-07-10 10:10:03"
"ADNI4","ADNI4-DHX-WKF","3/4","2025-07-10 10:10:03"
"ADNI4","ADNI4-DJY-XJC","3/3","2025-07-10 10:10:03"
"ADNI4","ADNI4-DQM-MPK","3/4","2025-07-10 10:10:03"
"ADNI4","ADNI4-DRG-RFD","3/4","2025-07-10 10:10:03"
"ADNI4","ADNI4-DXC-WFC","3/4","2025-07-10 10:10:03"
"ADNI4","ADNI4-DYX-FFQ","3/3","2025-07-10 10:10:03"
"ADNI4","ADNI4-F9H-3H6","3/3","2025-07-10 10:10:03"
"ADNI4","ADNI4-F9L-YWC","3/3","2025-07-10 10:10:03"
"ADNI4","ADNI4-FNN-CFD","3/3","2025-07-10 10:10:03"
"ADNI4","ADNI4-FPL-PJX","3/4","2025-07-10 10:10:03"
"ADNI4","ADNI4-FQ4-6M3","3/3","2025-07-10 10:10:03"
"ADNI4","ADNI4-FQF-KWQ","2/4","2025-07-10 10:10:03"
"ADNI4","ADNI4-FQP-MQN","3/3","2025-07-10 10:10:03"
"ADNI4","ADNI4-FRK-XKJ","3/4","2025-07-10 10:10:03"
"ADNI4","ADNI4-FX9-KXY","3/3","2025-07-10 10:10:03"
"ADNI4","ADNI4-FXW-MNY","3/3","2025-07-10 10:10:03"
"ADNI4","ADNI4-FYQ-RP9","3/3","2025-07-10 10:10:03"
"ADNI4","ADNI4-G6H-LP7","3/4","2025-07-10 10:10:03"
"ADNI4","ADNI4-GJ9-WYK","3/3","2025-07-10 10:10:03"
"ADNI4","ADNI4-GMR-QRL","3/3","2025-07-10 10:10:03"
"ADNI4","ADNI4-GW6-K96","3/3","2025-07-10 10:10:03"
"ADNI4","ADNI4-GWK-J77","3/3","2025-07-10 10:10:03"
"ADNI4","ADNI4-H3D-JW3","3/3","2025-07-10 10:10:03"
"ADNI4","ADNI4-H7Y-64N","3/4","2025-07-10 10:10:03"
"ADNI4","ADNI4-H9R-LMQ","3/3","2025-07-10 10:10:03"
"ADNI4","ADNI4-HN7-W93","3/3","2025-07-10 10:10:03"
"ADNI4","ADNI4-HP3-63F","3/3","2025-07-10 10:10:03"
"ADNI4","ADNI4-HQJ-DQQ","3/3","2025-07-10 10:10:03"
"ADNI4","ADNI4-HQY-9JC","3/3","2025-07-10 10:10:03"
"ADNI4","ADNI4-HXG-GPW","3/3","2025-07-10 10:10:03"
"ADNI4","ADNI4-HYK-GXH","3/3","2025-07-10 10:10:03"
"ADNI4","ADNI4-J9Y-HNW","3/3","2025-07-10 10:10:03"
"ADNI4","ADNI4-JH9-9C9","3/3","2025-07-10 10:10:03"
"ADNI4","ADNI4-JHY-FRN","3/3","2025-07-10 10:10:03"
"ADNI4","ADNI4-JQM-HFR","3/3","2025-07-10 10:10:03"
"ADNI4","ADNI4-KCR-CPP","3/4","2025-07-10 10:10:03"
"ADNI4","ADNI4-KDY-YLL","3/3","2025-07-10 10:10:03"
"ADNI4","ADNI4-KGN-LQJ","3/3","2025-07-10 10:10:03"
"ADNI4","ADNI4-KMR-QNJ","3/3","2025-07-10 10:10:03"
"ADNI4","ADNI4-KPD-QKF","3/3","2025-07-10 10:10:03"
"ADNI4","ADNI4-KYM-WRJ","3/3","2025-07-10 10:10:03"
"ADNI4","ADNI4-LCN-HPC","2/3","2025-07-10 10:10:03"
"ADNI4","ADNI4-LKK-FJX","3/3","2025-07-10 10:10:03"
"ADNI4","ADNI4-LYL-J66","2/3","2025-07-10 10:10:03"
"ADNI4","ADNI4-MG7-6F7","2/3","2025-07-10 10:10:03"
"ADNI4","ADNI4-MGR-DKR","3/4","2025-07-10 10:10:03"
"ADNI4","ADNI4-MHF-PHX","3/3","2025-07-10 10:10:03"
"ADNI4","ADNI4-MHJ-NCH","3/3","2025-07-10 10:10:03"
"ADNI4","ADNI4-MM9-CHL","3/3","2025-07-10 10:10:03"
"ADNI4","ADNI4-MRN-9MM","3/3","2025-07-10 10:10:03"
"ADNI4","ADNI4-N36-W9N","3/3","2025-07-10 10:10:03"
"ADNI4","ADNI4-N9W-CGL","3/4","2025-07-10 10:10:03"
"ADNI4","ADNI4-NHY-FCH","3/3","2025-07-10 10:10:03"
"ADNI4","ADNI4-NJ3-44H","2/4","2025-07-10 10:10:03"
"ADNI4","ADNI4-NL4-3RR","3/3","2025-07-10 10:10:03"
"ADNI4","ADNI4-P43-WC6","3/3","2025-07-10 10:10:03"
"ADNI4","ADNI4-P7Q-39N","3/3","2025-07-10 10:10:03"
"ADNI4","ADNI4-PHC-9QP","3/3","2025-07-10 10:10:03"
"ADNI4","ADNI4-PJQ-CHD","3/4","2025-07-10 10:10:03"
"ADNI4","ADNI4-PKP-FH9","3/3","2025-07-10 10:10:03"
"ADNI4","ADNI4-PL3-4YC","3/4","2025-07-10 10:10:03"
"ADNI4","ADNI4-PNC-CGH","2/3","2025-07-10 10:10:03"
"ADNI4","ADNI4-PXW-HWM","3/3","2025-07-10 10:10:03"
"ADNI4","ADNI4-Q3Y-39K","3/3","2025-07-10 10:10:03"
"ADNI4","ADNI4-QC9-PJJ","3/3","2025-07-10 10:10:03"
"ADNI4","ADNI4-QCK-LPQ","3/4","2025-07-10 10:10:03"
"ADNI4","ADNI4-QFD-KXF","3/3","2025-07-10 10:10:03"
"ADNI4","ADNI4-QLP-6H7","3/3","2025-07-10 10:10:03"
"ADNI4","ADNI4-RDX-GCP","3/3","2025-07-10 10:10:03"
"ADNI4","ADNI4-RDY-CFQ","3/3","2025-07-10 10:10:03"
"ADNI4","ADNI4-RJP-NPH","2/4","2025-07-10 10:10:03"
"ADNI4","ADNI4-RQW-RKD","3/4","2025-07-10 10:10:03"
"ADNI4","ADNI4-RRR-NJM","3/3","2025-07-10 10:10:03"
"ADNI4","ADNI4-RWP-GMP","3/3","2025-07-10 10:10:03"
"ADNI4","ADNI4-RWP-YHK","3/3","2025-07-10 10:10:03"
"ADNI4","ADNI4-RWW-DWD","3/3","2025-07-10 10:10:03"
"ADNI4","ADNI4-RYP-GPQ","3/3","2025-07-10 10:10:03"
"ADNI4","ADNI4-W7W-P47","2/3","2025-07-10 10:10:03"
"ADNI4","ADNI4-W9Q-GFN","3/3","2025-07-10 10:10:03"
"ADNI4","ADNI4-W9Y-HDK","3/3","2025-07-10 10:10:03"
"ADNI4","ADNI4-WGG-HNX","3/4","2025-07-10 10:10:03"
"ADNI4","ADNI4-WMD-QYH","3/3","2025-07-10 10:10:03"
"ADNI4","ADNI4-WNX-DQM","3/3","2025-07-10 10:10:03"
"ADNI4","ADNI4-WQJ-PNY","3/3","2025-07-10 10:10:03"
"ADNI4","ADNI4-WXL-YQK","3/3","2025-07-10 10:10:03"
"ADNI4","ADNI4-WYD-CGD","4/4","2025-07-10 10:10:03"
"ADNI4","ADNI4-X43-PNP","3/4","2025-07-10 10:10:03"
"ADNI4","ADNI4-XC6-JNL","4/4","2025-07-10 10:10:03"
"ADNI4","ADNI4-XN4-N3K","3/3","2025-07-10 10:10:03"
"ADNI4","ADNI4-XR4-FC4","3/3","2025-07-10 10:10:03"
"ADNI4","ADNI4-Y77-7CK","4/4","2025-07-10 10:10:03"
"ADNI4","ADNI4-Y7R-94G","3/4","2025-07-10 10:10:03"
"ADNI4","ADNI4-YGY-NPY","3/3","2025-07-10 10:10:03"
"ADNI4","ADNI4-YMW-LWH","3/4","2025-07-10 10:10:03"
"ADNI4","ADNI4-YPP-WFK","3/3","2025-07-10 10:10:03"
"ADNI4","ADNI4-YXP-GMH","3/3","2025-07-10 10:10:03"
"ADNI4","ADNI4-YXP-HY9","3/3","2025-07-10 10:10:03"
"ADNI4","ADNI4-YXX-PJJ","4/4","2025-07-10 10:10:03"
"ADNI4","ADNI4-63Y-3QH","3/3","2025-09-02 11:41:36"
"ADNI4","ADNI4-63Q-MQ3","2/3","2025-09-02 11:41:36"
"ADNI4","ADNI4-4YM-6M6","2/3","2025-09-02 11:41:36"
"ADNI4","ADNI4-4N4-F3Q","3/3","2025-09-02 11:41:36"
"ADNI4","ADNI4-4J9-39W","4/4","2025-09-02 11:41:36"
"ADNI4","ADNI4-4J7-KH3","3/4","2025-09-02 11:41:36"
"ADNI4","ADNI4-4HL-F46","3/3","2025-09-02 11:41:36"
"ADNI4","ADNI4-4H4-X4H","3/3","2025-09-02 11:41:36"
"ADNI4","ADNI4-4FQ-37H","3/4","2025-09-02 11:41:36"
"ADNI4","ADNI4-4F6-3PX","3/3","2025-09-02 11:41:36"
"ADNI4","ADNI4-4D9-4H6","3/3","2025-09-02 11:41:36"
"ADNI4","ADNI4-4C6-Q7C","3/4","2025-09-02 11:41:36"
"ADNI4","ADNI4-47C-DK6","3/3","2025-09-02 11:41:36"
"ADNI4","ADNI4-479-LC3","4/4","2025-09-02 11:41:36"
"ADNI4","ADNI4-467-9XC","3/3","2025-09-02 11:41:36"
"ADNI4","ADNI4-43F-4NF","3/3","2025-09-02 11:41:36"
"ADNI4","ADNI4-3W3-K6N","3/4","2025-09-02 11:41:36"
"ADNI4","ADNI4-3Q3-KNG","2/3","2025-09-02 11:41:36"
"ADNI4","ADNI4-3PP-N44","3/4","2025-09-02 11:41:36"
"ADNI4","ADNI4-3LR-C49","2/3","2025-09-02 11:41:36"
"ADNI4","ADNI4-3JW-76K","3/4","2025-09-02 11:41:36"
"ADNI4","ADNI4-3H4-R3F","3/4","2025-09-02 11:41:36"
"ADNI4","ADNI4-3DD-C37","2/3","2025-09-02 11:41:36"
"ADNI4","ADNI4-3CK-6C6","3/3","2025-09-02 11:41:36"
"ADNI4","ADNI4-3C3-LL4","3/3","2025-09-02 11:41:36"
"ADNI4","ADNI4-39R-36K","3/3","2025-09-02 11:41:36"
"ADNI4","ADNI4-39F-6L7","3/3","2025-09-02 11:41:36"
"ADNI4","ADNI4-37Y-3JP","3/3","2025-09-02 11:41:36"
"ADNI4","ADNI4-37X-MW4","3/3","2025-09-02 11:41:36"
"ADNI4","ADNI4-36C-7MK","3/4","2025-09-02 11:41:36"
"ADNI4","ADNI4-34W-PX7","3/4","2025-09-02 11:41:36"
"ADNI4","ADNI4-34L-R6H","3/3","2025-09-02 11:41:36"
"ADNI4","ADNI4-34G-LD4","3/3","2025-09-02 11:41:36"
"ADNI4","ADNI4-33X-X99","2/4","2025-09-02 11:41:36"
"ADNI4","ADNI4-33J-CJ4","3/4","2025-09-02 11:41:36"
"ADNI4","ADNI4-644-64G","3/4","2025-09-02 11:41:36"
"ADNI4","ADNI4-647-PGD","3/4","2025-09-02 11:41:36"
"ADNI4","ADNI4-64M-MN6","3/3","2025-09-02 11:41:36"
"ADNI4","ADNI4-64W-P6P","3/4","2025-09-02 11:41:36"
"ADNI4","ADNI4-66J-KJ7","3/4","2025-09-02 11:41:36"
"ADNI4","ADNI4-66P-X6R","3/4","2025-09-02 11:41:36"
"ADNI4","ADNI4-66W-4PL","3/4","2025-09-02 11:41:36"
"ADNI4","ADNI4-67K-G79","3/4","2025-09-02 11:41:36"
"ADNI4","ADNI4-6M7-X3Q","3/4","2025-09-02 11:41:36"
"ADNI4","ADNI4-6MC-64C","3/4","2025-09-02 11:41:36"
"ADNI4","ADNI4-6P3-NY3","3/3","2025-09-02 11:41:36"
"ADNI4","ADNI4-6PH-RMG","3/4","2025-09-02 11:41:36"
"ADNI4","ADNI4-6Q6-W4M","3/4","2025-09-02 11:41:36"
"ADNI4","ADNI4-73C-7JF","3/3","2025-09-02 11:41:36"
"ADNI4","ADNI4-73X-C7J","3/3","2025-09-02 11:41:36"
"ADNI4","ADNI4-74W-YL6","3/4","2025-09-02 11:41:36"
"ADNI4","ADNI4-767-33G","3/3","2025-09-02 11:41:36"
"ADNI4","ADNI4-777-YYK","3/4","2025-09-02 11:41:36"
"ADNI4","ADNI4-7F4-6HL","3/4","2025-09-02 11:41:36"
"ADNI4","ADNI4-7F9-G46","3/3","2025-09-02 11:41:36"
"ADNI4","ADNI4-7H3-FX7","3/3","2025-09-02 11:41:36"
"ADNI4","ADNI4-7J9-7K7","3/4","2025-09-02 11:41:36"
"ADNI4","ADNI4-7K4-N9H","3/3","2025-09-02 11:41:36"
"ADNI4","ADNI4-7L4-GNH","3/3","2025-09-02 11:41:36"
"ADNI4","ADNI4-7LG-JMY","3/3","2025-09-02 11:41:36"
"ADNI4","ADNI4-7P6-XF6","4/4","2025-09-02 11:41:36"
"ADNI4","ADNI4-7PH-9H6","3/4","2025-09-02 11:41:36"
"ADNI4","ADNI4-7Q4-YD4","3/4","2025-09-02 11:41:36"
"ADNI4","ADNI4-7R3-7PX","3/3","2025-09-02 11:41:36"
"ADNI4","ADNI4-7RC-34P","3/3","2025-09-02 11:41:36"
"ADNI4","ADNI4-7RN-R44","3/4","2025-09-02 11:41:36"
"ADNI4","ADNI4-7W6-94J","3/3","2025-09-02 11:41:36"
"ADNI4","ADNI4-93D-46J","3/3","2025-09-02 11:41:36"
"ADNI4","ADNI4-967-4X9","3/4","2025-09-02 11:41:36"
"ADNI4","ADNI4-99F-WKJ","3/4","2025-09-02 11:41:36"
"ADNI4","ADNI4-99N-RRN","2/3","2025-09-02 11:41:36"
"ADNI4","ADNI4-99W-KFQ","3/3","2025-09-02 11:41:36"
"ADNI4","ADNI4-99X-WPD","3/3","2025-09-02 11:41:36"
"ADNI4","ADNI4-9CG-YFQ","3/4","2025-09-02 11:41:36"
"ADNI4","ADNI4-9CK-HRP","3/3","2025-09-02 11:41:36"
"ADNI4","ADNI4-9FM-DJN","3/3","2025-09-02 11:41:36"
"ADNI4","ADNI4-9FR-NNN","3/4","2025-09-02 11:41:36"
"ADNI4","ADNI4-9FW-NMQ","3/4","2025-09-02 11:41:36"
"ADNI4","ADNI4-9GR-DCF","3/4","2025-09-02 11:41:36"
"ADNI4","ADNI4-9HX-KFM","3/4","2025-09-02 11:41:36"
"ADNI4","ADNI4-9J4-3M3","2/4","2025-09-02 11:41:36"
"ADNI4","ADNI4-9KG-YHK","3/3","2025-09-02 11:41:36"
"ADNI4","ADNI4-9MP-9NQ","3/3","2025-09-02 11:41:36"
"ADNI4","ADNI4-9NK-WRH","2/3","2025-09-02 11:41:36"
"ADNI4","ADNI4-9NM-KNM","3/3","2025-09-02 11:41:36"
"ADNI4","ADNI4-9QG-GJD","3/3","2025-09-02 11:41:36"
"ADNI4","ADNI4-9QG-WQY","2/3","2025-09-02 11:41:36"
"ADNI4","ADNI4-9QN-MHJ","3/3","2025-09-02 11:41:36"
"ADNI4","ADNI4-C4N-4J3","3/3","2025-09-02 11:41:36"
"ADNI4","ADNI4-C6Y-43J","3/3","2025-09-02 11:41:36"
"ADNI4","ADNI4-C9M-NKQ","3/3","2025-09-02 11:41:36"
"ADNI4","ADNI4-CGM-NFL","2/4","2025-09-02 11:41:36"
"ADNI4","ADNI4-CGP-GPX","3/3","2025-09-02 11:41:36"
"ADNI4","ADNI4-CHK-GDH","3/4","2025-09-02 11:41:36"
"ADNI4","ADNI4-CJ4-F67","3/3","2025-09-02 11:41:36"
"ADNI4","ADNI4-CJG-GJW","3/4","2025-09-02 11:41:36"
"ADNI4","ADNI4-CJL-QNW","2/3","2025-09-02 11:41:36"
"ADNI4","ADNI4-CJM-XGW","3/4","2025-09-02 11:41:36"
"ADNI4","ADNI4-CKF-MRK","3/4","2025-09-02 11:41:36"
"ADNI4","ADNI4-CLH-M7H","2/3","2025-09-02 11:41:36"
"ADNI4","ADNI4-CMC-HRC","2/3","2025-09-02 11:41:36"
"ADNI4","ADNI4-CPG-9RD","3/4","2025-09-02 11:41:36"
"ADNI4","ADNI4-CQD-CPH","3/3","2025-09-02 11:41:36"
"ADNI4","ADNI4-CQG-KXD","2/3","2025-09-02 11:41:36"
"ADNI4","ADNI4-CWD-YGK","3/3","2025-09-02 11:41:36"
"ADNI4","ADNI4-CYQ-NWX","3/3","2025-09-02 11:41:36"
"ADNI4","ADNI4-D3N-6G4","3/3","2025-09-02 11:41:36"
"ADNI4","ADNI4-D64-KFG","3/3","2025-09-02 11:41:36"
"ADNI4","ADNI4-D67-3NM","3/4","2025-09-02 11:41:36"
"ADNI4","ADNI4-D93-K44","3/3","2025-09-02 11:41:36"
"ADNI4","ADNI4-D9J-XWX","3/3","2025-09-02 11:41:36"
"ADNI4","ADNI4-DC9-9CN","3/4","2025-09-02 11:41:36"
"ADNI4","ADNI4-DCG-NQR","3/3","2025-09-02 11:41:36"
"ADNI4","ADNI4-DCP-LRR","3/4","2025-09-02 11:41:36"
"ADNI4","ADNI4-DCQ-WLH","4/4","2025-09-02 11:41:36"
"ADNI4","ADNI4-DDF-NQW","3/4","2025-09-02 11:41:36"
"ADNI4","ADNI4-DDJ-RND","3/3","2025-09-02 11:41:36"
"ADNI4","ADNI4-DDL-WP9","3/4","2025-09-02 11:41:36"
"ADNI4","ADNI4-DFY-KPK","3/3","2025-09-02 11:41:36"
"ADNI4","ADNI4-DGC-LJD","3/3","2025-09-02 11:41:36"
"ADNI4","ADNI4-DGJ-GHY","2/3","2025-09-02 11:41:36"
"ADNI4","ADNI4-DHC-NRD","3/3","2025-09-02 11:41:36"
"ADNI4","ADNI4-DKF-CJP","3/4","2025-09-02 11:41:36"
"ADNI4","ADNI4-DMP-FDW","3/4","2025-09-02 11:41:36"
"ADNI4","ADNI4-DNF-GN9","4/4","2025-09-02 11:41:36"
"ADNI4","ADNI4-DNL-FWM","3/3","2025-09-02 11:41:36"
"ADNI4","ADNI4-DNR-FKJ","3/4","2025-09-02 11:41:36"
"ADNI4","ADNI4-DPN-WYF","3/4","2025-09-02 11:41:36"
"ADNI4","ADNI4-DPX-GKJ","2/3","2025-09-02 11:41:36"
"ADNI4","ADNI4-DQ6-3J3","2/3","2025-09-02 11:41:36"
"ADNI4","ADNI4-DQD-YHY","3/3","2025-09-02 11:41:36"
"ADNI4","ADNI4-DRJ-RHP","3/3","2025-09-02 11:41:36"
"ADNI4","ADNI4-DRY-DGM","3/4","2025-09-02 11:41:36"
"ADNI4","ADNI4-DX9-NFR","3/4","2025-09-02 11:41:36"
"ADNI4","ADNI4-F76-X49","3/3","2025-09-02 11:41:36"
"ADNI4","ADNI4-F97-69D","3/3","2025-09-02 11:41:36"
"ADNI4","ADNI4-F9L-QNH","3/3","2025-09-02 11:41:36"
"ADNI4","ADNI4-FCM-QDY","3/4","2025-09-02 11:41:36"
"ADNI4","ADNI4-FDC-YRH","3/4","2025-09-02 11:41:36"
"ADNI4","ADNI4-FDN-446","3/3","2025-09-02 11:41:36"
"ADNI4","ADNI4-FDQ-636","3/3","2025-09-02 11:41:36"
"ADNI4","ADNI4-FG4-Y97","3/4","2025-09-02 11:41:36"
"ADNI4","ADNI4-FGD-MMC","2/3","2025-09-02 11:41:36"
"ADNI4","ADNI4-FHH-7W6","3/3","2025-09-02 11:41:36"
"ADNI4","ADNI4-FJH-3K7","3/4","2025-09-02 11:41:36"
"ADNI4","ADNI4-FJM-ML9","2/4","2025-09-02 11:41:36"
"ADNI4","ADNI4-FKD-YPM","3/4","2025-09-02 11:41:36"
"ADNI4","ADNI4-FKL-MQH","3/4","2025-09-02 11:41:36"
"ADNI4","ADNI4-FLC-3K3","3/4","2025-09-02 11:41:36"
"ADNI4","ADNI4-FMC-FMX","3/3","2025-09-02 11:41:36"
"ADNI4","ADNI4-FPD-XLD","3/4","2025-09-02 11:41:36"
"ADNI4","ADNI4-FQQ-CF9","3/4","2025-09-02 11:41:36"
"ADNI4","ADNI4-FQX-PW9","2/3","2025-09-02 11:41:36"
"ADNI4","ADNI4-FR4-46Q","3/3","2025-09-02 11:41:36"
"ADNI4","ADNI4-FR6-77M","3/4","2025-09-02 11:41:36"
"ADNI4","ADNI4-FWY-HHF","2/2","2025-09-02 11:41:36"
"ADNI4","ADNI4-FYM-KGM","3/4","2025-09-02 11:41:36"
"ADNI4","ADNI4-FYN-RMC","3/3","2025-09-02 11:41:36"
"ADNI4","ADNI4-G34-FG4","2/3","2025-09-02 11:41:36"
"ADNI4","ADNI4-G4D-N46","3/3","2025-09-02 11:41:36"
"ADNI4","ADNI4-G74-L4L","3/3","2025-09-02 11:41:36"
"ADNI4","ADNI4-G99-WWL","4/4","2025-09-02 11:41:36"
"ADNI4","ADNI4-G9Q-CYY","3/3","2025-09-02 11:41:36"
"ADNI4","ADNI4-GCW-CXP","2/3","2025-09-02 11:41:36"
"ADNI4","ADNI4-GDN-KWL","3/4","2025-09-02 11:41:36"
"ADNI4","ADNI4-GFC-MNJ","3/3","2025-09-02 11:41:36"
"ADNI4","ADNI4-GFJ-QYR","3/4","2025-09-02 11:41:36"
"ADNI4","ADNI4-GFQ-MFM","3/3","2025-09-02 11:41:36"
"ADNI4","ADNI4-GHG-RMW","3/3","2025-09-02 11:41:36"
"ADNI4","ADNI4-GHL-GGP","2/3","2025-09-02 11:41:36"
"ADNI4","ADNI4-GHQ-9NM","4/4","2025-09-02 11:41:36"
"ADNI4","ADNI4-GKK-HLX","3/3","2025-09-02 11:41:36"
"ADNI4","ADNI4-GMQ-LLF","2/3","2025-09-02 11:41:36"
"ADNI4","ADNI4-GNG-9RY","3/3","2025-09-02 11:41:36"
"ADNI4","ADNI4-GPL-RFR","3/3","2025-09-02 11:41:36"
"ADNI4","ADNI4-GRY-HHJ","2/3","2025-09-02 11:41:36"
"ADNI4","ADNI4-GYL-XJD","3/3","2025-09-02 11:41:36"
"ADNI4","ADNI4-H4H-DC3","3/4","2025-09-02 11:41:36"
"ADNI4","ADNI4-HCY-NFP","2/4","2025-09-02 11:41:36"
"ADNI4","ADNI4-HDD-GLH","3/4","2025-09-02 11:41:36"
"ADNI4","ADNI4-HDH-7CG","3/3","2025-09-02 11:41:36"
"ADNI4","ADNI4-HFD-HGD","3/4","2025-09-02 11:41:36"
"ADNI4","ADNI4-HFM-LNR","3/4","2025-09-02 11:41:36"
"ADNI4","ADNI4-HGQ-PK9","3/3","2025-09-02 11:41:36"
"ADNI4","ADNI4-HGY-PFQ","3/3","2025-09-02 11:41:36"
"ADNI4","ADNI4-HJC-MND","3/3","2025-09-02 11:41:36"
"ADNI4","ADNI4-HKC-FCN","3/3","2025-09-02 11:41:36"
"ADNI4","ADNI4-HLJ-3R3","3/4","2025-09-02 11:41:36"
"ADNI4","ADNI4-HMG-GRC","2/3","2025-09-02 11:41:36"
"ADNI4","ADNI4-HMN-NRJ","2/3","2025-09-02 11:41:36"
"ADNI4","ADNI4-HPF-FXF","3/3","2025-09-02 11:41:36"
"ADNI4","ADNI4-HPM-MXL","3/3","2025-09-02 11:41:36"
"ADNI4","ADNI4-HQ6-P94","3/4","2025-09-02 11:41:36"
"ADNI4","ADNI4-HQD-KMH","3/3","2025-09-02 11:41:36"
"ADNI4","ADNI4-HQF-GXC","3/3","2025-09-02 11:41:36"
"ADNI4","ADNI4-HQK-QFC","4/4","2025-09-02 11:41:36"
"ADNI4","ADNI4-HR9-LQD","3/3","2025-09-02 11:41:36"
"ADNI4","ADNI4-HRX-YNK","2/4","2025-09-02 11:41:36"
"ADNI4","ADNI4-HWF-LRN","3/4","2025-09-02 11:41:36"
"ADNI4","ADNI4-HXP-KKK","3/3","2025-09-02 11:41:36"
"ADNI4","ADNI4-HYQ-HHJ","4/4","2025-09-02 11:41:36"
"ADNI4","ADNI4-J6C-39R","3/3","2025-09-02 11:41:36"
"ADNI4","ADNI4-J76-4CN","3/3","2025-09-02 11:41:36"
"ADNI4","ADNI4-J9Y-WCH","3/3","2025-09-02 11:41:36"
"ADNI4","ADNI4-JC9-9HY","2/4","2025-09-02 11:41:36"
"ADNI4","ADNI4-JFN-FRY","3/4","2025-09-02 11:41:36"
"ADNI4","ADNI4-JFY-YLN","3/4","2025-09-02 11:41:36"
"ADNI4","ADNI4-JJ6-W94","2/3","2025-09-02 11:41:36"
"ADNI4","ADNI4-JJG-LHQ","3/3","2025-09-02 11:41:36"
"ADNI4","ADNI4-JJL-QRY","3/4","2025-09-02 11:41:36"
"ADNI4","ADNI4-JJR-DWM","3/3","2025-09-02 11:41:36"
"ADNI4","ADNI4-JKM-RLY","3/4","2025-09-02 11:41:36"
"ADNI4","ADNI4-JMD-RCM","3/3","2025-09-02 11:41:36"
"ADNI4","ADNI4-JMG-NLX","3/3","2025-09-02 11:41:36"
"ADNI4","ADNI4-JML-9YP","3/3","2025-09-02 11:41:36"
"ADNI4","ADNI4-JNL-PDK","3/4","2025-09-02 11:41:36"
"ADNI4","ADNI4-JQ9-HXM","3/3","2025-09-02 11:41:36"
"ADNI4","ADNI4-JQG-PLY","3/4","2025-09-02 11:41:36"
"ADNI4","ADNI4-JQW-KJH","3/3","2025-09-02 11:41:36"
"ADNI4","ADNI4-JR3-7L7","3/3","2025-09-02 11:41:36"
"ADNI4","ADNI4-JWL-XDX","3/3","2025-09-02 11:41:36"
"ADNI4","ADNI4-JWP-9L9","3/4","2025-09-02 11:41:36"
"ADNI4","ADNI4-JWY-HGM","3/4","2025-09-02 11:41:36"
"ADNI4","ADNI4-JXN-FCL","3/3","2025-09-02 11:41:36"
"ADNI4","ADNI4-JYC-KRX","3/3","2025-09-02 11:41:36"
"ADNI4","ADNI4-K4G-7D7","2/3","2025-09-02 11:41:36"
"ADNI4","ADNI4-K4R-JQ6","3/3","2025-09-02 11:41:36"
"ADNI4","ADNI4-K73-R9M","3/4","2025-09-02 11:41:36"
"ADNI4","ADNI4-K9C-QPQ","3/3","2025-09-02 11:41:36"
"ADNI4","ADNI4-KF9-HH9","3/3","2025-09-02 11:41:36"
"ADNI4","ADNI4-KFN-9MH","3/3","2025-09-02 11:41:36"
"ADNI4","ADNI4-KGM-NHN","2/3","2025-09-02 11:41:36"
"ADNI4","ADNI4-KGM-PLP","3/3","2025-09-02 11:41:36"
"ADNI4","ADNI4-KH9-NY9","3/3","2025-09-02 11:41:36"
"ADNI4","ADNI4-KHC-PMM","4/4","2025-09-02 11:41:36"
"ADNI4","ADNI4-KHR-NLY","3/4","2025-09-02 11:41:36"
"ADNI4","ADNI4-KHX-QLX","3/3","2025-09-02 11:41:36"
"ADNI4","ADNI4-KJF-MNP","2/3","2025-09-02 11:41:36"
"ADNI4","ADNI4-KKG-HLK","3/3","2025-09-02 11:41:36"
"ADNI4","ADNI4-KNF-WCL","3/4","2025-09-02 11:41:36"
"ADNI4","ADNI4-KR9-KMM","4/4","2025-09-02 11:41:36"
"ADNI4","ADNI4-KWN-CFQ","3/4","2025-09-02 11:41:36"
"ADNI4","ADNI4-KXK-WGD","4/4","2025-09-02 11:41:36"
"ADNI4","ADNI4-KYL-XC9","3/3","2025-09-02 11:41:36"
"ADNI4","ADNI4-L3H-G99","3/3","2025-09-02 11:41:36"
"ADNI4","ADNI4-L43-Q7H","3/3","2025-09-02 11:41:36"
"ADNI4","ADNI4-L7H-JQ9","2/2","2025-09-02 11:41:36"
"ADNI4","ADNI4-L7H-YY7","3/3","2025-09-02 11:41:36"
"ADNI4","ADNI4-LC9-HLK","3/3","2025-09-02 11:41:36"
"ADNI4","ADNI4-LDX-KXM","3/3","2025-09-02 11:41:36"
"ADNI4","ADNI4-LGG-NXC","3/3","2025-09-02 11:41:36"
"ADNI4","ADNI4-LMF-XG9","3/3","2025-09-02 11:41:36"
"ADNI4","ADNI4-LMK-FQL","3/4","2025-09-02 11:41:36"
"ADNI4","ADNI4-LMK-HWD","2/3","2025-09-02 11:41:36"
"ADNI4","ADNI4-LMW-YWL","3/3","2025-09-02 11:41:36"
"ADNI4","ADNI4-LND-9PP","3/3","2025-09-02 11:41:36"
"ADNI4","ADNI4-LP9-WHP","3/4","2025-09-02 11:41:36"
"ADNI4","ADNI4-LPC-FYW","2/4","2025-09-02 11:41:36"
"ADNI4","ADNI4-LPG-XCC","3/4","2025-09-02 11:41:36"
"ADNI4","ADNI4-LPY-QND","3/3","2025-09-02 11:41:36"
"ADNI4","ADNI4-LRF-YKX","3/3","2025-09-02 11:41:36"
"ADNI4","ADNI4-LYL-9PR","3/3","2025-09-02 11:41:36"
"ADNI4","ADNI4-LYP-FCW","3/3","2025-09-02 11:41:36"
"ADNI4","ADNI4-M4F-Q93","3/3","2025-09-02 11:41:36"
"ADNI4","ADNI4-M7J-X43","3/3","2025-09-02 11:41:36"
"ADNI4","ADNI4-M9P-KGR","3/3","2025-09-02 11:41:36"
"ADNI4","ADNI4-M9Y-PPP","3/4","2025-09-02 11:41:36"
"ADNI4","ADNI4-MDQ-WYM","3/3","2025-09-02 11:41:36"
"ADNI4","ADNI4-MF9-WGY","3/3","2025-09-02 11:41:36"
"ADNI4","ADNI4-MF9-YDW","3/3","2025-09-02 11:41:36"
"ADNI4","ADNI4-MFC-QDD","3/3","2025-09-02 11:41:36"
"ADNI4","ADNI4-MFR-QWJ","3/4","2025-09-02 11:41:36"
"ADNI4","ADNI4-MGC-RLJ","3/3","2025-09-02 11:41:36"
"ADNI4","ADNI4-MGQ-CCH","2/3","2025-09-02 11:41:36"
"ADNI4","ADNI4-MHG-MLX","2/3","2025-09-02 11:41:36"
"ADNI4","ADNI4-MKG-KQD","2/3","2025-09-02 11:41:36"
"ADNI4","ADNI4-MNR-XGK","3/3","2025-09-02 11:41:36"
"ADNI4","ADNI4-MPN-PDP","3/3","2025-09-02 11:41:36"
"ADNI4","ADNI4-MR9-9JX","3/3","2025-09-02 11:41:36"
"ADNI4","ADNI4-MRK-RXH","3/3","2025-09-02 11:41:36"
"ADNI4","ADNI4-MWD-WNY","3/4","2025-09-02 11:41:36"
"ADNI4","ADNI4-MWW-HRF","4/4","2025-09-02 11:41:36"
"ADNI4","ADNI4-MXW-RLM","3/3","2025-09-02 11:41:36"
"ADNI4","ADNI4-MYD-CK9","3/3","2025-09-02 11:41:36"
"ADNI4","ADNI4-MYN-QJH","3/3","2025-09-02 11:41:36"
"ADNI4","ADNI4-MYX-MDX","3/4","2025-09-02 11:41:36"
"ADNI4","ADNI4-N37-CY6","3/4","2025-09-02 11:41:36"
"ADNI4","ADNI4-N76-4DD","3/4","2025-09-02 11:41:36"
"ADNI4","ADNI4-N9N-LCM","2/3","2025-09-02 11:41:36"
"ADNI4","ADNI4-NCM-LKH","2/3","2025-09-02 11:41:36"
"ADNI4","ADNI4-NCR-KGW","3/4","2025-09-02 11:41:36"
"ADNI4","ADNI4-NDM-QQQ","2/3","2025-09-02 11:41:36"
"ADNI4","ADNI4-NDR-YQL","3/3","2025-09-02 11:41:36"
"ADNI4","ADNI4-NFQ-KKJ","3/3","2025-09-02 11:41:36"
"ADNI4","ADNI4-NHN-QYK","3/3","2025-09-02 11:41:36"
"ADNI4","ADNI4-NK4-63L","3/3","2025-09-02 11:41:36"
"ADNI4","ADNI4-NKL-GQM","3/3","2025-09-02 11:41:36"
"ADNI4","ADNI4-NNG-XWL","3/4","2025-09-02 11:41:36"
"ADNI4","ADNI4-NNX-NLK","3/4","2025-09-02 11:41:36"
"ADNI4","ADNI4-NPD-QN9","3/3","2025-09-02 11:41:36"
"ADNI4","ADNI4-NQG-CDM","3/3","2025-09-02 11:41:36"
"ADNI4","ADNI4-NQW-GRR","4/4","2025-09-02 11:41:36"
"ADNI4","ADNI4-NRW-DNC","3/3","2025-09-02 11:41:36"
"ADNI4","ADNI4-NWF-XMN","3/3","2025-09-02 11:41:36"
"ADNI4","ADNI4-NWJ-LKN","3/3","2025-09-02 11:41:36"
"ADNI4","ADNI4-NWW-FQC","3/3","2025-09-02 11:41:36"
"ADNI4","ADNI4-NX3-K33","3/3","2025-09-02 11:41:36"
"ADNI4","ADNI4-NYM-FRQ","3/3","2025-09-02 11:41:36"
"ADNI4","ADNI4-NYX-CMF","2/3","2025-09-02 11:41:36"
"ADNI4","ADNI4-P7C-6W4","3/3","2025-09-02 11:41:36"
"ADNI4","ADNI4-P9H-39W","3/3","2025-09-02 11:41:36"
"ADNI4","ADNI4-P9R-KLY","3/4","2025-09-02 11:41:36"
"ADNI4","ADNI4-P9Y-FCP","3/3","2025-09-02 11:41:36"
"ADNI4","ADNI4-PCM-WYF","3/3","2025-09-02 11:41:36"
"ADNI4","ADNI4-PD9-FWP","2/3","2025-09-02 11:41:36"
"ADNI4","ADNI4-PDK-WCK","3/3","2025-09-02 11:41:36"
"ADNI4","ADNI4-PF6-6P3","3/4","2025-09-02 11:41:36"
"ADNI4","ADNI4-PFN-LKQ","3/4","2025-09-02 11:41:36"
"ADNI4","ADNI4-PFY-FJJ","3/3","2025-09-02 11:41:36"
"ADNI4","ADNI4-PG9-KQY","3/3","2025-09-02 11:41:36"
"ADNI4","ADNI4-PGN-QQH","3/4","2025-09-02 11:41:36"
"ADNI4","ADNI4-PGP-PNH","3/3","2025-09-02 11:41:36"
"ADNI4","ADNI4-PHG-FYR","3/3","2025-09-02 11:41:36"
"ADNI4","ADNI4-PJC-YC9","3/4","2025-09-02 11:41:36"
"ADNI4","ADNI4-PJM-RQR","3/4","2025-09-02 11:41:36"
"ADNI4","ADNI4-PLF-64C","3/3","2025-09-02 11:41:36"
"ADNI4","ADNI4-PMM-DQP","3/3","2025-09-02 11:41:36"
"ADNI4","ADNI4-PMX-GY9","3/3","2025-09-02 11:41:36"
"ADNI4","ADNI4-PND-WYQ","2/3","2025-09-02 11:41:36"
"ADNI4","ADNI4-PNJ-DLY","4/4","2025-09-02 11:41:36"
"ADNI4","ADNI4-PPW-PLP","3/3","2025-09-02 11:41:36"
"ADNI4","ADNI4-PQP-HYX","3/3","2025-09-02 11:41:36"
"ADNI4","ADNI4-PRK-RRR","2/3","2025-09-02 11:41:36"
"ADNI4","ADNI4-PW9-LHL","4/4","2025-09-02 11:41:36"
"ADNI4","ADNI4-PXX-FMY","2/3","2025-09-02 11:41:36"
"ADNI4","ADNI4-PXY-CQY","3/3","2025-09-02 11:41:36"
"ADNI4","ADNI4-PYF-KDR","2/3","2025-09-02 11:41:36"
"ADNI4","ADNI4-PYR-WHC","3/3","2025-09-02 11:41:36"
"ADNI4","ADNI4-PYX-GMW","3/3","2025-09-02 11:41:36"
"ADNI4","ADNI4-Q33-JYF","3/4","2025-09-02 11:41:36"
"ADNI4","ADNI4-Q6D-37C","3/3","2025-09-02 11:41:36"
"ADNI4","ADNI4-Q76-PG3","3/4","2025-09-02 11:41:36"
"ADNI4","ADNI4-Q9N-YPM","2/3","2025-09-02 11:41:36"
"ADNI4","ADNI4-QCF-RJM","3/4","2025-09-02 11:41:36"
"ADNI4","ADNI4-QD9-NLJ","3/3","2025-09-02 11:41:36"
"ADNI4","ADNI4-QDQ-QPF","3/4","2025-09-02 11:41:36"
"ADNI4","ADNI4-QGY-KDK","3/3","2025-09-02 11:41:36"
"ADNI4","ADNI4-QHL-QGN","3/3","2025-09-02 11:41:36"
"ADNI4","ADNI4-QJD-KNR","3/4","2025-09-02 11:41:36"
"ADNI4","ADNI4-QJX-MML","3/4","2025-09-02 11:41:36"
"ADNI4","ADNI4-QMQ-QGJ","3/3","2025-09-02 11:41:36"
"ADNI4","ADNI4-QMR-FWJ","2/3","2025-09-02 11:41:36"
"ADNI4","ADNI4-QNM-9YN","3/3","2025-09-02 11:41:36"
"ADNI4","ADNI4-QPM-9RQ","3/4","2025-09-02 11:41:36"
"ADNI4","ADNI4-QPY-KMD","3/4","2025-09-02 11:41:36"
"ADNI4","ADNI4-QQP-GNW","3/4","2025-09-02 11:41:36"
"ADNI4","ADNI4-QR6-W77","3/3","2025-09-02 11:41:36"
"ADNI4","ADNI4-QRD-FHY","3/3","2025-09-02 11:41:36"
"ADNI4","ADNI4-QW6-W63","3/3","2025-09-02 11:41:36"
"ADNI4","ADNI4-QW7-X34","3/3","2025-09-02 11:41:36"
"ADNI4","ADNI4-QWF-LGM","3/3","2025-09-02 11:41:36"
"ADNI4","ADNI4-QXY-LWR","3/3","2025-09-02 11:41:36"
"ADNI4","ADNI4-QYN-CW9","2/3","2025-09-02 11:41:36"
"ADNI4","ADNI4-QYN-WCX","3/4","2025-09-02 11:41:36"
"ADNI4","ADNI4-R69-3X7","3/4","2025-09-02 11:41:36"
"ADNI4","ADNI4-R6X-C96","3/3","2025-09-02 11:41:36"
"ADNI4","ADNI4-R7H-JJJ","3/4","2025-09-02 11:41:36"
"ADNI4","ADNI4-RGF-DRW","3/4","2025-09-02 11:41:36"
"ADNI4","ADNI4-RGP-MWM","3/3","2025-09-02 11:41:36"
"ADNI4","ADNI4-RJD-CMC","3/4","2025-09-02 11:41:36"
"ADNI4","ADNI4-RJN-GGY","2/3","2025-09-02 11:41:36"
"ADNI4","ADNI4-RK7-7F3","3/4","2025-09-02 11:41:36"
"ADNI4","ADNI4-RKK-RCL","3/3","2025-09-02 11:41:36"
"ADNI4","ADNI4-RKX-YQM","3/3","2025-09-02 11:41:36"
"ADNI4","ADNI4-RLW-N97","3/3","2025-09-02 11:41:36"
"ADNI4","ADNI4-RMM-MHW","3/3","2025-09-02 11:41:36"
"ADNI4","ADNI4-RNY-QDH","3/3","2025-09-02 11:41:36"
"ADNI4","ADNI4-RPR-MFH","3/4","2025-09-02 11:41:36"
"ADNI4","ADNI4-RQF-9CW","3/3","2025-09-02 11:41:36"
"ADNI4","ADNI4-RQJ-GDF","3/3","2025-09-02 11:41:36"
"ADNI4","ADNI4-RRJ-MWL","2/4","2025-09-02 11:41:36"
"ADNI4","ADNI4-RRR-LQK","3/4","2025-09-02 11:41:36"
"ADNI4","ADNI4-RW3-K93","3/3","2025-09-02 11:41:36"
"ADNI4","ADNI4-RWW-YGY","3/4","2025-09-02 11:41:36"
"ADNI4","ADNI4-RXL-HDN","3/3","2025-09-02 11:41:36"
"ADNI4","ADNI4-RY9-HGQ","3/3","2025-09-02 11:41:36"
"ADNI4","ADNI4-W3C-43N","3/3","2025-09-02 11:41:36"
"ADNI4","ADNI4-W67-3GX","2/3","2025-09-02 11:41:36"
"ADNI4","ADNI4-WCK-RLX","3/4","2025-09-02 11:41:36"
"ADNI4","ADNI4-WGF-DWN","3/4","2025-09-02 11:41:36"
"ADNI4","ADNI4-WHK-MLK","4/4","2025-09-02 11:41:36"
"ADNI4","ADNI4-WHN-DDP","3/3","2025-09-02 11:41:36"
"ADNI4","ADNI4-WJM-MMF","3/3","2025-09-02 11:41:36"
"ADNI4","ADNI4-WKL-PKL","2/3","2025-09-02 11:41:36"
"ADNI4","ADNI4-WLH-JM4","2/3","2025-09-02 11:41:36"
"ADNI4","ADNI4-WNJ-WRN","2/4","2025-09-02 11:41:36"
"ADNI4","ADNI4-WR9-663","3/3","2025-09-02 11:41:36"
"ADNI4","ADNI4-WRN-DNX","3/3","2025-09-02 11:41:36"
"ADNI4","ADNI4-WRP-CQX","2/3","2025-09-02 11:41:36"
"ADNI4","ADNI4-WRX-DXL","3/3","2025-09-02 11:41:36"
"ADNI4","ADNI4-WWX-LNF","3/3","2025-09-02 11:41:36"
"ADNI4","ADNI4-WYL-GKN","3/3","2025-09-02 11:41:36"
"ADNI4","ADNI4-WYR-HP9","2/3","2025-09-02 11:41:36"
"ADNI4","ADNI4-WYY-KQC","3/3","2025-09-02 11:41:36"
"ADNI4","ADNI4-X4F-4JW","3/4","2025-09-02 11:41:36"
"ADNI4","ADNI4-X4R-F3F","2/3","2025-09-02 11:41:36"
"ADNI4","ADNI4-X6C-MHG","3/3","2025-09-02 11:41:36"
"ADNI4","ADNI4-X6K-F3Y","2/3","2025-09-02 11:41:36"
"ADNI4","ADNI4-X6M-NRG","3/3","2025-09-02 11:41:36"
"ADNI4","ADNI4-X7F-W6N","3/3","2025-09-02 11:41:36"
"ADNI4","ADNI4-XDJ-M37","3/4","2025-09-02 11:41:36"
"ADNI4","ADNI4-XGQ-3L7","3/3","2025-09-02 11:41:36"
"ADNI4","ADNI4-XHH-4FJ","2/3","2025-09-02 11:41:36"
"ADNI4","ADNI4-XKP-JXG","3/4","2025-09-02 11:41:36"
"ADNI4","ADNI4-XN7-9CG","3/4","2025-09-02 11:41:36"
"ADNI4","ADNI4-XQH-W3R","3/4","2025-09-02 11:41:36"
"ADNI4","ADNI4-XW7-3NH","3/3","2025-09-02 11:41:36"
"ADNI4","ADNI4-XWL-79P","3/3","2025-09-02 11:41:36"
"ADNI4","ADNI4-XWY-J3W","3/3","2025-09-02 11:41:36"
"ADNI4","ADNI4-Y76-7DH","3/4","2025-09-02 11:41:36"
"ADNI4","ADNI4-Y9M-RRY","3/3","2025-09-02 11:41:36"
"ADNI4","ADNI4-Y9P-FCF","3/4","2025-09-02 11:41:36"
"ADNI4","ADNI4-YCP-YPD","3/4","2025-09-02 11:41:36"
"ADNI4","ADNI4-YD4-46Y","3/3","2025-09-02 11:41:36"
"ADNI4","ADNI4-YDC-MKP","3/3","2025-09-02 11:41:36"
"ADNI4","ADNI4-YFJ-DNQ","3/3","2025-09-02 11:41:36"
"ADNI4","ADNI4-YFJ-ND9","3/3","2025-09-02 11:41:36"
"ADNI4","ADNI4-YFM-RNC","3/4","2025-09-02 11:41:36"
"ADNI4","ADNI4-YFR-DCJ","3/4","2025-09-02 11:41:36"
"ADNI4","ADNI4-YGN-NRH","3/4","2025-09-02 11:41:36"
"ADNI4","ADNI4-YGW-LKF","3/3","2025-09-02 11:41:36"
"ADNI4","ADNI4-YJD-YH9","3/3","2025-09-02 11:41:36"
"ADNI4","ADNI4-YM9-HLN","3/3","2025-09-02 11:41:36"
"ADNI4","ADNI4-YMC-DKH","3/3","2025-09-02 11:41:36"
"ADNI4","ADNI4-YMP-GXN","3/3","2025-09-02 11:41:36"
"ADNI4","ADNI4-YNC-HFF","2/3","2025-09-02 11:41:36"
"ADNI4","ADNI4-YNL-YXC","3/4","2025-09-02 11:41:36"
"ADNI4","ADNI4-YQ9-PPJ","3/3","2025-09-02 11:41:36"
"ADNI4","ADNI4-YR9-FJ9","3/3","2025-09-02 11:41:36"
"ADNI4","ADNI4-YRD-PMD","3/3","2025-09-02 11:41:36"
"ADNI4","ADNI4-YRJ-QWM","3/3","2025-09-02 11:41:36"
"ADNI4","ADNI4-YXG-QNF","3/3","2025-09-02 11:41:36"
"ADNI4","ADNI4-YXH-JP6","3/3","2025-09-02 11:41:36"
"ADNI4","ADNI4-YXP-DPK","3/3","2025-09-02 11:41:36"
"ADNI4","ADNI4-YXR-FYX","4/4","2025-09-02 11:41:36"
"ADNI4","ADNI4-YXX-WFF","3/4","2025-09-02 11:41:36"
"ADNI4","ADNI4-YXM-KYF","3/4","2025-11-23 21:21:30"
"ADNI4","ADNI4-YXF-GCM","2/3","2025-11-23 21:21:30"
"ADNI4","ADNI4-YWK-NWM","3/3","2025-11-23 21:21:30"
"ADNI4","ADNI4-YPN-YGJ","2/3","2025-11-23 21:21:30"
"ADNI4","ADNI4-YMJ-QNH","3/4","2025-11-23 21:21:30"
"ADNI4","ADNI4-YJN-DFD","3/4","2025-11-23 21:21:30"
"ADNI4","ADNI4-YHH-37H","3/3","2025-11-23 21:21:30"
"ADNI4","ADNI4-YGP-GJY","3/3","2025-11-23 21:21:30"
"ADNI4","ADNI4-YGD-FY9","3/4","2025-11-23 21:21:30"
"ADNI4","ADNI4-YG9-KXW","3/3","2025-11-23 21:21:30"
"ADNI4","ADNI4-YFX-HL9","3/3","2025-11-23 21:21:30"
"ADNI4","ADNI4-YF4-44W","2/3","2025-11-23 21:21:30"
"ADNI4","ADNI4-YDQ-GKR","4/4","2025-11-23 21:21:30"
"ADNI4","ADNI4-Y9R-NWF","4/4","2025-11-23 21:21:30"
"ADNI4","ADNI4-Y9G-XJC","2/2","2025-11-23 21:21:30"
"ADNI4","ADNI4-Y73-3CH","3/3","2025-11-23 21:21:30"
"ADNI4","ADNI4-Y3Y-P6G","3/3","2025-11-23 21:21:30"
"ADNI4","ADNI4-XY7-YK7","3/4","2025-11-23 21:21:30"
"ADNI4","ADNI4-XRY-69W","3/4","2025-11-23 21:21:30"
"ADNI4","ADNI4-XPX-Y9G","3/4","2025-11-23 21:21:30"
"ADNI4","ADNI4-XM3-M4X","4/4","2025-11-23 21:21:30"
"ADNI4","ADNI4-XKH-4GC","2/3","2025-11-23 21:21:30"
"ADNI4","ADNI4-XK4-3PR","3/3","2025-11-23 21:21:30"
"ADNI4","ADNI4-XJC-R34","3/3","2025-11-23 21:21:30"
"ADNI4","ADNI4-XGL-64K","3/3","2025-11-23 21:21:30"
"ADNI4","ADNI4-XF3-WF3","3/3","2025-11-23 21:21:30"
"ADNI4","ADNI4-XCC-64X","3/3","2025-11-23 21:21:30"
"ADNI4","ADNI4-X73-MHJ","3/4","2025-11-23 21:21:30"
"ADNI4","ADNI4-X6X-3DC","3/3","2025-11-23 21:21:30"
"ADNI4","ADNI4-X4H-447","2/3","2025-11-23 21:21:30"
"ADNI4","ADNI4-X47-YGX","3/4","2025-11-23 21:21:30"
"ADNI4","ADNI4-X3Q-J93","3/3","2025-11-23 21:21:30"
"ADNI4","ADNI4-WYW-KN9","3/3","2025-11-23 21:21:30"
"ADNI4","ADNI4-WYC-RXY","3/3","2025-11-23 21:21:30"
"ADNI4","ADNI4-WQP-RCR","3/4","2025-11-23 21:21:30"
"ADNI4","ADNI4-WNR-DNQ","3/4","2025-11-23 21:21:30"
"ADNI4","ADNI4-WMQ-LNL","3/4","2025-11-23 21:21:30"
"ADNI4","ADNI4-WMM-LPK","3/3","2025-11-23 21:21:30"
"ADNI4","ADNI4-WKX-PYN","3/3","2025-11-23 21:21:30"
"ADNI4","ADNI4-WHR-RNW","3/3","2025-11-23 21:21:30"
"ADNI4","ADNI4-WHH-649","3/4","2025-11-23 21:21:30"
"ADNI4","ADNI4-WDY-YRC","2/3","2025-11-23 21:21:30"
"ADNI4","ADNI4-WDQ-PWW","3/3","2025-11-23 21:21:30"
"ADNI4","ADNI4-WDP-QWX","3/4","2025-11-23 21:21:30"
"ADNI4","ADNI4-WCJ-QGM","3/3","2025-11-23 21:21:30"
"ADNI4","ADNI4-WC3-43K","2/3","2025-11-23 21:21:30"
"ADNI4","ADNI4-W9R-NYP","3/3","2025-11-23 21:21:30"
"ADNI4","ADNI4-W9M-HKY","2/4","2025-11-23 21:21:30"
"ADNI4","ADNI4-W96-3J7","3/4","2025-11-23 21:21:30"
"ADNI4","ADNI4-W63-C79","3/4","2025-11-23 21:21:30"
"ADNI4","ADNI4-W4F-63P","3/4","2025-11-23 21:21:30"
"ADNI4","ADNI4-RYN-NGC","3/3","2025-11-23 21:21:30"
"ADNI4","ADNI4-RYD-DGH","3/3","2025-11-23 21:21:30"
"ADNI4","ADNI4-RXX-9NK","3/3","2025-11-23 21:21:30"
"ADNI4","ADNI4-RXF-KKD","3/4","2025-11-23 21:21:30"
"ADNI4","ADNI4-RWJ-LGQ","3/4","2025-11-23 21:21:30"
"ADNI4","ADNI4-RWC-CDK","2/3","2025-11-23 21:21:30"
"ADNI4","ADNI4-RRK-PRH","4/4","2025-11-23 21:21:30"
"ADNI4","ADNI4-RRD-LKC","3/4","2025-11-23 21:21:30"
"ADNI4","ADNI4-RQP-GXL","4/4","2025-11-23 21:21:30"
"ADNI4","ADNI4-RPX-WJF","3/4","2025-11-23 21:21:30"
"ADNI4","ADNI4-RPW-PDH","3/3","2025-11-23 21:21:30"
"ADNI4","ADNI4-RJQ-HKQ","3/4","2025-11-23 21:21:30"
"ADNI4","ADNI4-RJ9-WCL","3/4","2025-11-23 21:21:30"
"ADNI4","ADNI4-RJ9-PLC","3/3","2025-11-23 21:21:30"
"ADNI4","ADNI4-RJ7-3F4","3/3","2025-11-23 21:21:30"
"ADNI4","ADNI4-RHG-9XJ","2/3","2025-11-23 21:21:30"
"ADNI4","ADNI4-RGR-KJW","4/4","2025-11-23 21:21:30"
"ADNI4","ADNI4-RGM-QRM","2/4","2025-11-23 21:21:30"
"ADNI4","ADNI4-RFN-GHD","3/3","2025-11-23 21:21:30"
"ADNI4","ADNI4-RFH-K43","3/3","2025-11-23 21:21:30"
"ADNI4","ADNI4-R9L-LQW","3/4","2025-11-23 21:21:30"
"ADNI4","ADNI4-R6Q-Y36","3/4","2025-11-23 21:21:30"
"ADNI4","ADNI4-R33-97M","3/3","2025-11-23 21:21:30"
"ADNI4","ADNI4-QYM-HMJ","3/4","2025-11-23 21:21:30"
"ADNI4","ADNI4-QXN-MHM","3/3","2025-11-23 21:21:30"
"ADNI4","ADNI4-QWJ-GCJ","3/3","2025-11-23 21:21:30"
"ADNI4","ADNI4-QWG-DHR","3/3","2025-11-23 21:21:30"
"ADNI4","ADNI4-QQR-LQF","2/3","2025-11-23 21:21:30"
"ADNI4","ADNI4-QNP-GQR","2/4","2025-11-23 21:21:30"
"ADNI4","ADNI4-QMR-776","3/3","2025-11-23 21:21:30"
"ADNI4","ADNI4-QMQ-GQW","3/3","2025-11-23 21:21:30"
"ADNI4","ADNI4-QHY-DDY","3/3","2025-11-23 21:21:30"
"ADNI4","ADNI4-QHQ-WNQ","3/3","2025-11-23 21:21:30"
"ADNI4","ADNI4-QGC-QGX","3/3","2025-11-23 21:21:30"
"ADNI4","ADNI4-QG6-3W3","3/4","2025-11-23 21:21:30"
"ADNI4","ADNI4-QFQ-GDM","3/3","2025-11-23 21:21:30"
"ADNI4","ADNI4-QFK-CYW","3/3","2025-11-23 21:21:30"
"ADNI4","ADNI4-Q9C-PK9","3/3","2025-11-23 21:21:30"
"ADNI4","ADNI4-Q4P-L34","3/3","2025-11-23 21:21:30"
"ADNI4","ADNI4-Q4H-RJ6","3/3","2025-11-23 21:21:30"
"ADNI4","ADNI4-PYF-NX9","3/3","2025-11-23 21:21:30"
"ADNI4","ADNI4-PQY-XCX","3/3","2025-11-23 21:21:30"
"ADNI4","ADNI4-PQX-KNH","3/3","2025-11-23 21:21:30"
"ADNI4","ADNI4-PPX-NLM","3/3","2025-11-23 21:21:30"
"ADNI4","ADNI4-PNF-KLD","3/4","2025-11-23 21:21:30"
"ADNI4","ADNI4-PMY-9ML","3/3","2025-11-23 21:21:30"
"ADNI4","ADNI4-PMX-XFX","2/3","2025-11-23 21:21:30"
"ADNI4","ADNI4-PKR-YYJ","2/3","2025-11-23 21:21:30"
"ADNI4","ADNI4-PK9-WJQ","3/3","2025-11-23 21:21:30"
"ADNI4","ADNI4-PJX-KLW","3/3","2025-11-23 21:21:30"
"ADNI4","ADNI4-PJP-DHF","3/4","2025-11-23 21:21:30"
"ADNI4","ADNI4-PGY-GJL","3/3","2025-11-23 21:21:30"
"ADNI4","ADNI4-PGN-PPJ","2/2","2025-11-23 21:21:30"
"ADNI4","ADNI4-PGC-WHR","3/3","2025-11-23 21:21:30"
"ADNI4","ADNI4-PCL-9MY","3/3","2025-11-23 21:21:30"
"ADNI4","ADNI4-P74-YD7","2/3","2025-11-23 21:21:30"
"ADNI4","ADNI4-NYX-YLW","3/4","2025-11-23 21:21:30"
"ADNI4","ADNI4-NYH-77D","3/3","2025-11-23 21:21:30"
"ADNI4","ADNI4-NX3-H66","3/4","2025-11-23 21:21:30"
"ADNI4","ADNI4-NWX-MFQ","3/3","2025-11-23 21:21:30"
"ADNI4","ADNI4-NWL-NPH","3/3","2025-11-23 21:21:30"
"ADNI4","ADNI4-NWC-QYY","3/3","2025-11-23 21:21:30"
"ADNI4","ADNI4-NRP-PJF","3/3","2025-11-23 21:21:30"
"ADNI4","ADNI4-NRF-9FD","3/4","2025-11-23 21:21:30"
"ADNI4","ADNI4-NQC-RXJ","3/3","2025-11-23 21:21:30"
"ADNI4","ADNI4-NPW-CXR","4/4","2025-11-23 21:21:30"
"ADNI4","ADNI4-NPK-DHC","3/4","2025-11-23 21:21:30"
"ADNI4","ADNI4-NNW-NHL","3/4","2025-11-23 21:21:30"
"ADNI4","ADNI4-NNG-WXH","4/4","2025-11-23 21:21:30"
"ADNI4","ADNI4-NMW-NJH","2/3","2025-11-23 21:21:30"
"ADNI4","ADNI4-NMJ-QYP","3/3","2025-11-23 21:21:30"
"ADNI4","ADNI4-NM9-LFH","2/3","2025-11-23 21:21:30"
"ADNI4","ADNI4-NKL-FPN","3/3","2025-11-23 21:21:30"
"ADNI4","ADNI4-NK7-66H","3/3","2025-11-23 21:21:30"
"ADNI4","ADNI4-NJG-J64","3/3","2025-11-23 21:21:30"
"ADNI4","ADNI4-NGJ-RGQ","2/3","2025-11-23 21:21:30"
"ADNI4","ADNI4-NFJ-PHX","3/3","2025-11-23 21:21:30"
"ADNI4","ADNI4-NFH-F46","3/3","2025-11-23 21:21:30"
"ADNI4","ADNI4-NDL-FWL","3/3","2025-11-23 21:21:30"
"ADNI4","ADNI4-NDF-KRN","2/3","2025-11-23 21:21:30"
"ADNI4","ADNI4-NDD-QFJ","3/4","2025-11-23 21:21:30"
"ADNI4","ADNI4-NCY-CKP","3/3","2025-11-23 21:21:30"
"ADNI4","ADNI4-N9W-FDJ","3/3","2025-11-23 21:21:30"
"ADNI4","ADNI4-N9Q-FLX","3/3","2025-11-23 21:21:30"
"ADNI4","ADNI4-N9J-QCC","2/4","2025-11-23 21:21:30"
"ADNI4","ADNI4-N99-PC9","3/4","2025-11-23 21:21:30"
"ADNI4","ADNI4-N7Q-M37","3/3","2025-11-23 21:21:30"
"ADNI4","ADNI4-N4C-97G","3/3","2025-11-23 21:21:30"
"ADNI4","ADNI4-N33-FX4","4/4","2025-11-23 21:21:30"
"ADNI4","ADNI4-MYG-DJD","3/3","2025-11-23 21:21:30"
"ADNI4","ADNI4-MXW-WKN","3/3","2025-11-23 21:21:30"
"ADNI4","ADNI4-MXP-NJH","3/4","2025-11-23 21:21:30"
"ADNI4","ADNI4-MXM-KMM","3/3","2025-11-23 21:21:30"
"ADNI4","ADNI4-MWQ-MKJ","3/3","2025-11-23 21:21:30"
"ADNI4","ADNI4-MRW-KY9","3/3","2025-11-23 21:21:30"
"ADNI4","ADNI4-MRC-GLC","4/4","2025-11-23 21:21:30"
"ADNI4","ADNI4-MQQ-HRH","3/3","2025-11-23 21:21:30"
"ADNI4","ADNI4-MQN-WLX","3/3","2025-11-23 21:21:30"
"ADNI4","ADNI4-MPY-HNY","3/3","2025-11-23 21:21:30"
"ADNI4","ADNI4-MPN-NFN","3/3","2025-11-23 21:21:30"
"ADNI4","ADNI4-ML4-JWR","3/4","2025-11-23 21:21:30"
"ADNI4","ADNI4-MKM-PRC","3/3","2025-11-23 21:21:30"
"ADNI4","ADNI4-MJW-NNQ","2/3","2025-11-23 21:21:30"
"ADNI4","ADNI4-MHK-9YN","3/3","2025-11-23 21:21:30"
"ADNI4","ADNI4-MGP-FGH","3/4","2025-11-23 21:21:30"
"ADNI4","ADNI4-MGN-9LF","3/3","2025-11-23 21:21:30"
"ADNI4","ADNI4-MGM-MQW","3/3","2025-11-23 21:21:30"
"ADNI4","ADNI4-MGL-GY9","4/4","2025-11-23 21:21:30"
"ADNI4","ADNI4-MGF-FQM","3/3","2025-11-23 21:21:30"
"ADNI4","ADNI4-MFN-MQR","3/4","2025-11-23 21:21:30"
"ADNI4","ADNI4-MDR-GKY","2/3","2025-11-23 21:21:30"
"ADNI4","ADNI4-MCR-WNF","3/4","2025-11-23 21:21:30"
"ADNI4","ADNI4-MCC-LYR","3/4","2025-11-23 21:21:30"
"ADNI4","ADNI4-M76-M7N","3/3","2025-11-23 21:21:30"
"ADNI4","ADNI4-M4K-6FG","3/4","2025-11-23 21:21:30"
"ADNI4","ADNI4-LYC-MCM","3/3","2025-11-23 21:21:30"
"ADNI4","ADNI4-LXL-NL9","3/3","2025-11-23 21:21:30"
"ADNI4","ADNI4-LWW-FJJ","2/3","2025-11-23 21:21:30"
"ADNI4","ADNI4-LWJ-WFK","3/3","2025-11-23 21:21:30"
"ADNI4","ADNI4-LRY-NWX","3/3","2025-11-23 21:21:30"
"ADNI4","ADNI4-LQY-LHX","3/3","2025-11-23 21:21:30"
"ADNI4","ADNI4-LNX-DDQ","3/3","2025-11-23 21:21:30"
"ADNI4","ADNI4-LLC-H44","3/3","2025-11-23 21:21:30"
"ADNI4","ADNI4-LKK-MYH","2/4","2025-11-23 21:21:30"
"ADNI4","ADNI4-LFX-KWP","3/3","2025-11-23 21:21:30"
"ADNI4","ADNI4-LFW-FPY","2/3","2025-11-23 21:21:30"
"ADNI4","ADNI4-LFQ-RFP","3/3","2025-11-23 21:21:30"
"ADNI4","ADNI4-LCG-DJP","3/3","2025-11-23 21:21:30"
"ADNI4","ADNI4-LC6-R64","2/3","2025-11-23 21:21:30"
"ADNI4","ADNI4-L9C-NNW","3/3","2025-11-23 21:21:30"
"ADNI4","ADNI4-L4J-66F","3/3","2025-11-23 21:21:30"
"ADNI4","ADNI4-L46-JKM","3/3","2025-11-23 21:21:30"
"ADNI4","ADNI4-KYY-FH9","3/4","2025-11-23 21:21:30"
"ADNI4","ADNI4-KXW-CJD","3/4","2025-11-23 21:21:30"
"ADNI4","ADNI4-KWL-MHH","3/3","2025-11-23 21:21:30"
"ADNI4","ADNI4-KW9-QHK","3/3","2025-11-23 21:21:30"
"ADNI4","ADNI4-KQW-WW9","3/3","2025-11-23 21:21:30"
"ADNI4","ADNI4-KPP-DLJ","4/4","2025-11-23 21:21:30"
"ADNI4","ADNI4-KNP-KGC","3/3","2025-11-23 21:21:30"
"ADNI4","ADNI4-KNL-HRH","3/3","2025-11-23 21:21:30"
"ADNI4","ADNI4-KMJ-FNF","3/3","2025-11-23 21:21:30"
"ADNI4","ADNI4-KKM-GQR","3/4","2025-11-23 21:21:30"
"ADNI4","ADNI4-KKL-NX9","3/4","2025-11-23 21:21:30"
"ADNI4","ADNI4-KJP-CNX","3/3","2025-11-23 21:21:30"
"ADNI4","ADNI4-KHN-RLC","3/4","2025-11-23 21:21:30"
"ADNI4","ADNI4-KHM-HXP","3/4","2025-11-23 21:21:30"
"ADNI4","ADNI4-KHK-CHN","2/3","2025-11-23 21:21:30"
"ADNI4","ADNI4-KGW-XKH","2/4","2025-11-23 21:21:30"
"ADNI4","ADNI4-KGM-WCW","2/4","2025-11-23 21:21:30"
"ADNI4","ADNI4-KG6-39R","3/3","2025-11-23 21:21:30"
"ADNI4","ADNI4-KF7-P74","3/3","2025-11-23 21:21:30"
"ADNI4","ADNI4-KCR-NG9","2/3","2025-11-23 21:21:30"
"ADNI4","ADNI4-K7H-X79","3/3","2025-11-23 21:21:30"
"ADNI4","ADNI4-K3C-R4G","3/3","2025-11-23 21:21:30"
"ADNI4","ADNI4-JXQ-KKC","3/3","2025-11-23 21:21:30"
"ADNI4","ADNI4-JXM-YRM","3/3","2025-11-23 21:21:30"
"ADNI4","ADNI4-JXF-HWR","3/4","2025-11-23 21:21:30"
"ADNI4","ADNI4-JRR-RNF","2/3","2025-11-23 21:21:30"
"ADNI4","ADNI4-JQN-MYF","3/3","2025-11-23 21:21:30"
"ADNI4","ADNI4-JQK-WJF","3/3","2025-11-23 21:21:30"
"ADNI4","ADNI4-JQ9-RKC","2/3","2025-11-23 21:21:30"
"ADNI4","ADNI4-JMX-PNQ","3/3","2025-11-23 21:21:30"
"ADNI4","ADNI4-JMQ-HFY","3/4","2025-11-23 21:21:30"
"ADNI4","ADNI4-JM7-74L","2/3","2025-11-23 21:21:30"
"ADNI4","ADNI4-JKR-GRM","2/3","2025-11-23 21:21:30"
"ADNI4","ADNI4-JK9-CLL","3/3","2025-11-23 21:21:30"
"ADNI4","ADNI4-JJW-MJ9","2/3","2025-11-23 21:21:30"
"ADNI4","ADNI4-JHG-QNH","3/3","2025-11-23 21:21:30"
"ADNI4","ADNI4-JDC-QYP","3/3","2025-11-23 21:21:30"
"ADNI4","ADNI4-J43-Q6C","3/3","2025-11-23 21:21:30"
"ADNI4","ADNI4-HYM-CGC","2/3","2025-11-23 21:21:30"
"ADNI4","ADNI4-HWJ-WDP","3/3","2025-11-23 21:21:30"
"ADNI4","ADNI4-HR3-4D3","3/3","2025-11-23 21:21:30"
"ADNI4","ADNI4-HPR-YWM","3/3","2025-11-23 21:21:30"
"ADNI4","ADNI4-HNY-LJ9","4/4","2025-11-23 21:21:30"
"ADNI4","ADNI4-HMQ-FJW","3/4","2025-11-23 21:21:30"
"ADNI4","ADNI4-HMN-LFQ","2/3","2025-11-23 21:21:30"
"ADNI4","ADNI4-HLH-K7J","3/3","2025-11-23 21:21:30"
"ADNI4","ADNI4-HKP-PFX","2/3","2025-11-23 21:21:30"
"ADNI4","ADNI4-HJM-QFX","2/2","2025-11-23 21:21:30"
"ADNI4","ADNI4-HJG-GDQ","3/3","2025-11-23 21:21:30"
"ADNI4","ADNI4-HHF-LJX","3/3","2025-11-23 21:21:30"
"ADNI4","ADNI4-HGF-NRX","3/3","2025-11-23 21:21:30"
"ADNI4","ADNI4-HG9-KJP","3/3","2025-11-23 21:21:30"
"ADNI4","ADNI4-HFR-HXL","3/4","2025-11-23 21:21:30"
"ADNI4","ADNI4-HFQ-HNX","3/4","2025-11-23 21:21:30"
"ADNI4","ADNI4-HFM-FRN","3/4","2025-11-23 21:21:30"
"ADNI4","ADNI4-HFL-LKN","3/3","2025-11-23 21:21:30"
"ADNI4","ADNI4-HCQ-9PX","2/3","2025-11-23 21:21:30"
"ADNI4","ADNI4-H7N-3P6","3/3","2025-11-23 21:21:30"
"ADNI4","ADNI4-H74-9L3","3/3","2025-11-23 21:21:30"
"ADNI4","ADNI4-GYL-GMR","3/4","2025-11-23 21:21:30"
"ADNI4","ADNI4-GWW-9KH","2/4","2025-11-23 21:21:30"
"ADNI4","ADNI4-GRD-CXK","3/3","2025-11-23 21:21:30"
"ADNI4","ADNI4-GPN-KKD","3/3","2025-11-23 21:21:30"
"ADNI4","ADNI4-GNQ-NMY","3/4","2025-11-23 21:21:30"
"ADNI4","ADNI4-GN9-LNH","2/2","2025-11-23 21:21:30"
"ADNI4","ADNI4-GLN-4G6","2/3","2025-11-23 21:21:30"
"ADNI4","ADNI4-GJR-XHN","3/3","2025-11-23 21:21:30"
"ADNI4","ADNI4-GH6-39H","2/3","2025-11-23 21:21:30"
"ADNI4","ADNI4-GGQ-GMC","3/3","2025-11-23 21:21:30"
"ADNI4","ADNI4-GGL-J94","3/3","2025-11-23 21:21:30"
"ADNI4","ADNI4-GGG-CGY","3/3","2025-11-23 21:21:30"
"ADNI4","ADNI4-GFL-9GD","2/3","2025-11-23 21:21:30"
"ADNI4","ADNI4-GFF-NPL","3/3","2025-11-23 21:21:30"
"ADNI4","ADNI4-GDL-RNP","3/3","2025-11-23 21:21:30"
"ADNI4","ADNI4-GDG-KLM","3/3","2025-11-23 21:21:30"
"ADNI4","ADNI4-G9P-RFD","3/3","2025-11-23 21:21:30"
"ADNI4","ADNI4-G7H-X3W","2/3","2025-11-23 21:21:30"
"ADNI4","ADNI4-G7G-P67","3/4","2025-11-23 21:21:30"
"ADNI4","ADNI4-FYN-KFP","3/3","2025-11-23 21:21:30"
"ADNI4","ADNI4-FYM-QXJ","3/4","2025-11-23 21:21:30"
"ADNI4","ADNI4-FXF-HPK","2/3","2025-11-23 21:21:30"
"ADNI4","ADNI4-FWL-9WY","3/4","2025-11-23 21:21:30"
"ADNI4","ADNI4-FRW-YRN","3/3","2025-11-23 21:21:30"
"ADNI4","ADNI4-FRN-XNC","3/4","2025-11-23 21:21:30"
"ADNI4","ADNI4-FRM-MXH","3/4","2025-11-23 21:21:30"
"ADNI4","ADNI4-FQG-XHD","3/3","2025-11-23 21:21:30"
"ADNI4","ADNI4-FPL-KNF","3/4","2025-11-23 21:21:30"
"ADNI4","ADNI4-FP9-HMD","2/4","2025-11-23 21:21:30"
"ADNI4","ADNI4-FMR-QW9","2/3","2025-11-23 21:21:30"
"ADNI4","ADNI4-FKF-NYY","3/4","2025-11-23 21:21:30"
"ADNI4","ADNI4-FK7-N37","3/4","2025-11-23 21:21:30"
"ADNI4","ADNI4-FHC-GJL","3/3","2025-11-23 21:21:30"
"ADNI4","ADNI4-FFG-NPD","3/3","2025-11-23 21:21:30"
"ADNI4","ADNI4-FCN-GMJ","3/3","2025-11-23 21:21:30"
"ADNI4","ADNI4-F67-DH4","3/3","2025-11-23 21:21:30"
"ADNI4","ADNI4-F43-3RL","3/4","2025-11-23 21:21:30"
"ADNI4","ADNI4-DWD-MJJ","3/3","2025-11-23 21:21:30"
"ADNI4","ADNI4-DRR-MNC","3/3","2025-11-23 21:21:30"
"ADNI4","ADNI4-DRN-PXM","3/4","2025-11-23 21:21:30"
"ADNI4","ADNI4-DPP-WR9","2/4","2025-11-23 21:21:30"
"ADNI4","ADNI4-DNM-DDX","3/4","2025-11-23 21:21:30"
"ADNI4","ADNI4-DMD-FPC","3/3","2025-11-23 21:21:30"
"ADNI4","ADNI4-DH4-K74","3/3","2025-11-23 21:21:30"
"ADNI4","ADNI4-DGN-GMQ","3/3","2025-11-23 21:21:30"
"ADNI4","ADNI4-DFM-QCF","3/3","2025-11-23 21:21:30"
"ADNI4","ADNI4-DFM-DPM","2/3","2025-11-23 21:21:30"
"ADNI4","ADNI4-DFF-GFJ","3/3","2025-11-23 21:21:30"
"ADNI4","ADNI4-DDR-QLM","3/4","2025-11-23 21:21:30"
"ADNI4","ADNI4-DDP-QD9","3/4","2025-11-23 21:21:30"
"ADNI4","ADNI4-DCX-YCR","3/3","2025-11-23 21:21:30"
"ADNI4","ADNI4-DCK-XND","3/4","2025-11-23 21:21:30"
"ADNI4","ADNI4-D9M-FRH","3/3","2025-11-23 21:21:30"
"ADNI4","ADNI4-D63-4QM","3/3","2025-11-23 21:21:30"
"ADNI4","ADNI4-CYJ-9YJ","3/3","2025-11-23 21:21:30"
"ADNI4","ADNI4-CXX-DDY","3/3","2025-11-23 21:21:30"
"ADNI4","ADNI4-CXM-XMQ","3/4","2025-11-23 21:21:30"
"ADNI4","ADNI4-CX9-QDP","3/4","2025-11-23 21:21:30"
"ADNI4","ADNI4-CWN-KF9","3/3","2025-11-23 21:21:30"
"ADNI4","ADNI4-CQR-CLF","4/4","2025-11-23 21:21:30"
"ADNI4","ADNI4-CQF-GPK","3/4","2025-11-23 21:21:30"
"ADNI4","ADNI4-CPQ-YXL","4/4","2025-11-23 21:21:30"
"ADNI4","ADNI4-CPQ-LKY","3/4","2025-11-23 21:21:30"
"ADNI4","ADNI4-CNN-9JR","3/3","2025-11-23 21:21:30"
"ADNI4","ADNI4-CKK-PPR","3/4","2025-11-23 21:21:30"
"ADNI4","ADNI4-CJF-YM9","3/3","2025-11-23 21:21:30"
"ADNI4","ADNI4-CHR-GQQ","3/3","2025-11-23 21:21:30"
"ADNI4","ADNI4-CGR-WFQ","3/3","2025-11-23 21:21:30"
"ADNI4","ADNI4-CGF-344","3/4","2025-11-23 21:21:30"
"ADNI4","ADNI4-CFG-XYX","3/3","2025-11-23 21:21:30"
"ADNI4","ADNI4-CDX-NKW","3/3","2025-11-23 21:21:30"
"ADNI4","ADNI4-CDD-WWR","4/4","2025-11-23 21:21:30"
"ADNI4","ADNI4-CD4-6HG","3/4","2025-11-23 21:21:30"
"ADNI4","ADNI4-C9K-HJD","3/3","2025-11-23 21:21:30"
"ADNI4","ADNI4-C3H-G3X","3/3","2025-11-23 21:21:30"
"ADNI4","ADNI4-9YL-NYY","3/3","2025-11-23 21:21:30"
"ADNI4","ADNI4-9XQ-433","3/3","2025-11-23 21:21:30"
"ADNI4","ADNI4-9XM-DND","3/3","2025-11-23 21:21:30"
"ADNI4","ADNI4-9XL-RQN","3/3","2025-11-23 21:21:30"
"ADNI4","ADNI4-9XL-NXR","3/3","2025-11-23 21:21:30"
"ADNI4","ADNI4-9XL-DKH","3/4","2025-11-23 21:21:30"
"ADNI4","ADNI4-9WR-NK9","3/3","2025-11-23 21:21:30"
"ADNI4","ADNI4-9WK-NRR","3/4","2025-11-23 21:21:30"
"ADNI4","ADNI4-9RX-HMX","3/4","2025-11-23 21:21:30"
"ADNI4","ADNI4-9QP-WFD","3/4","2025-11-23 21:21:30"
"ADNI4","ADNI4-9QF-9FJ","3/3","2025-11-23 21:21:30"
"ADNI4","ADNI4-9PC-9DJ","3/4","2025-11-23 21:21:30"
"ADNI4","ADNI4-9NR-LRD","3/3","2025-11-23 21:21:30"
"ADNI4","ADNI4-9NP-RDD","2/3","2025-11-23 21:21:30"
"ADNI4","ADNI4-9MN-WFF","3/3","2025-11-23 21:21:30"
"ADNI4","ADNI4-9L7-JWX","4/4","2025-11-23 21:21:30"
"ADNI4","ADNI4-9KM-PPX","3/4","2025-11-23 21:21:30"
"ADNI4","ADNI4-9JL-HML","3/3","2025-11-23 21:21:30"
"ADNI4","ADNI4-9JK-HNJ","3/4","2025-11-23 21:21:30"
"ADNI4","ADNI4-9JF-PG9","3/3","2025-11-23 21:21:30"
"ADNI4","ADNI4-9JF-LXX","2/3","2025-11-23 21:21:30"
"ADNI4","ADNI4-9HX-YQD","3/3","2025-11-23 21:21:30"
"ADNI4","ADNI4-9HP-NNY","3/3","2025-11-23 21:21:30"
"ADNI4","ADNI4-9HD-LRR","4/4","2025-11-23 21:21:30"
"ADNI4","ADNI4-9FJ-MDK","3/4","2025-11-23 21:21:30"
"ADNI4","ADNI4-9DH-C9G","3/4","2025-11-23 21:21:30"
"ADNI4","ADNI4-9CL-PGK","3/3","2025-11-23 21:21:30"
"ADNI4","ADNI4-99Q-9L9","3/4","2025-11-23 21:21:30"
"ADNI4","ADNI4-977-3XD","4/4","2025-11-23 21:21:30"
"ADNI4","ADNI4-94Y-947","3/3","2025-11-23 21:21:30"
"ADNI4","ADNI4-93C-36K","3/3","2025-11-23 21:21:30"
"ADNI4","ADNI4-7Y7-6QR","3/4","2025-11-23 21:21:30"
"ADNI4","ADNI4-7R4-PL7","3/3","2025-11-23 21:21:30"
"ADNI4","ADNI4-7NN-6P3","3/4","2025-11-23 21:21:30"
"ADNI4","ADNI4-7N3-4WP","3/4","2025-11-23 21:21:30"
"ADNI4","ADNI4-7MY-49K","3/3","2025-11-23 21:21:30"
"ADNI4","ADNI4-7LX-DC4","3/3","2025-11-23 21:21:30"
"ADNI4","ADNI4-7KC-K37","3/3","2025-11-23 21:21:30"
"ADNI4","ADNI4-7JQ-46K","3/4","2025-11-23 21:21:30"
"ADNI4","ADNI4-7JP-36J","3/4","2025-11-23 21:21:30"
"ADNI4","ADNI4-7FJ-G33","3/3","2025-11-23 21:21:30"
"ADNI4","ADNI4-79C-K43","2/3","2025-11-23 21:21:30"
"ADNI4","ADNI4-794-4FF","3/3","2025-11-23 21:21:30"
"ADNI4","ADNI4-76X-XK3","2/3","2025-11-23 21:21:30"
"ADNI4","ADNI4-76F-Q3W","3/4","2025-11-23 21:21:30"
"ADNI4","ADNI4-74P-979","3/4","2025-11-23 21:21:30"
"ADNI4","ADNI4-73M-4YR","3/4","2025-11-23 21:21:30"
"ADNI4","ADNI4-73G-N4R","2/3","2025-11-23 21:21:30"
"ADNI4","ADNI4-733-PQC","3/4","2025-11-23 21:21:30"
"ADNI4","ADNI4-733-MNF","3/3","2025-11-23 21:21:30"
"ADNI4","ADNI4-6RK-D94","2/3","2025-11-23 21:21:30"
"ADNI4","ADNI4-6LH-CKC","3/3","2025-11-23 21:21:30"
"ADNI4","ADNI4-6K7-KD3","2/4","2025-11-23 21:21:30"
"ADNI4","ADNI4-6G9-7M7","2/3","2025-11-23 21:21:30"
"ADNI4","ADNI4-6D3-4DK","3/3","2025-11-23 21:21:30"
"ADNI4","ADNI4-67W-YW6","3/4","2025-11-23 21:21:30"
"ADNI4","ADNI4-64Y-7NH","3/3","2025-11-23 21:21:30"
"ADNI4","ADNI4-64J-7FY","3/3","2025-11-23 21:21:30"
"ADNI4","ADNI4-63L-KJ4","3/3","2025-11-23 21:21:30"
"ADNI4","ADNI4-637-YLL","3/3","2025-11-23 21:21:30"
"ADNI4","ADNI4-634-CPP","3/3","2025-11-23 21:21:30"
"ADNI4","ADNI4-633-HYR","3/3","2025-11-23 21:21:30"
"ADNI4","ADNI4-4X4-WX6","3/3","2025-11-23 21:21:30"
"ADNI4","ADNI4-4QX-J7J","3/3","2025-11-23 21:21:30"
"ADNI4","ADNI4-4Q4-D4N","3/4","2025-11-23 21:21:30"
"ADNI4","ADNI4-4P4-MQ3","3/3","2025-11-23 21:21:30"
"ADNI4","ADNI4-4MH-93F","2/3","2025-11-23 21:21:30"
"ADNI4","ADNI4-4MC-47W","3/3","2025-11-23 21:21:30"
"ADNI4","ADNI4-4L3-NXJ","2/3","2025-11-23 21:21:30"
"ADNI4","ADNI4-4KL-F77","3/3","2025-11-23 21:21:30"
"ADNI4","ADNI4-4HH-6HL","3/4","2025-11-23 21:21:30"
"ADNI4","ADNI4-4D4-N7C","3/3","2025-11-23 21:21:30"
"ADNI4","ADNI4-4CM-47J","3/3","2025-11-23 21:21:30"
"ADNI4","ADNI4-47J-F9Q","3/3","2025-11-23 21:21:30"
"ADNI4","ADNI4-469-X6F","3/4","2025-11-23 21:21:30"
"ADNI4","ADNI4-44R-6JR","3/3","2025-11-23 21:21:30"
"ADNI4","ADNI4-449-7RH","3/3","2025-11-23 21:21:30"
"ADNI4","ADNI4-3W3-6KH","3/4","2025-11-23 21:21:30"
"ADNI4","ADNI4-37C-Q4D","3/4","2025-11-23 21:21:30"
"ADNI4","ADNI4-36R-MX4","3/3","2025-11-23 21:21:30"
"ADNI4","ADNI4-34R-6KM","3/4","2025-11-23 21:21:30"
"ADNI4","ADNI4-336-743","2/3","2025-11-23 21:21:30"
"ADNI4","ADNI4-CDG-QNN","3/3","2025-12-23 00:01:18"
"ADNI4","ADNI4-QGF-QDW","3/3","2025-12-23 00:01:18"
"ADNI4","ADNI4-RPP-FXJ","3/3","2025-12-23 00:01:18"
"ADNI4","ADNI4-N9W-9KF","3/3","2025-12-23 00:01:18"
"ADNI4","ADNI4-WCW-GGR","3/3","2025-12-23 00:01:18"
"ADNI4","ADNI4-RFX-KKW","3/3","2025-12-23 00:01:18"
"ADNI4","ADNI4-6Y4-3YN","2/3","2025-12-23 00:01:18"
"ADNI4","ADNI4-4QG-63W","3/3","2025-12-23 00:01:18"
"ADNI4","ADNI4-WHW-DJF","3/4","2025-12-23 00:01:18"
"ADNI4","ADNI4-PFG-GMC","3/3","2025-12-23 00:01:18"
"ADNI4","ADNI4-CCG-NPM","3/4","2025-12-23 00:01:18"
"ADNI4","ADNI4-MXF-NWM","3/3","2025-12-23 00:01:18"
"ADNI4","ADNI4-XKC-6LG","2/3","2025-12-23 00:01:18"
"ADNI4","ADNI4-R99-WFK","3/3","2025-12-23 00:01:18"
"ADNI4","ADNI4-C7L-L73","3/3","2025-12-23 00:01:18"
"ADNI4","ADNI4-CWF-MLC","4/4","2025-12-23 00:01:18"
"ADNI4","ADNI4-GWP-YQL","2/3","2025-12-23 00:01:18"
"ADNI4","ADNI4-7HJ-7K6","3/4","2025-12-23 00:01:18"
"ADNI4","ADNI4-3H7-4YR","3/3","2025-12-23 00:01:18"
"ADNI4","ADNI4-JGQ-QKK","3/3","2025-12-23 00:01:18"
"ADNI4","ADNI4-6N3-6PW","3/4","2025-12-23 00:01:18"
"ADNI4","ADNI4-QG3-7R3","3/4","2025-12-23 00:01:18"
"ADNI4","ADNI4-WQQ-XGR","3/3","2025-12-23 00:01:18"
"ADNI4","ADNI4-NM9-NRP","3/4","2025-12-23 00:01:18"
"ADNI4","ADNI4-WWK-DLM","3/3","2025-12-23 00:01:18"
"ADNI4","ADNI4-X6D-PC4","3/4","2025-12-23 00:01:18"
"ADNI4","ADNI4-Y94-L6G","3/3","2025-12-23 00:01:18"
"ADNI4","ADNI4-Y4H-CP4","3/4","2025-12-23 00:01:18"
"ADNI4","ADNI4-RYW-FR9","3/3","2025-12-23 00:01:18"
"ADNI4","ADNI4-RPP-DWK","3/4","2025-12-23 00:01:18"
"ADNI4","ADNI4-QR9-HL9","4/4","2025-12-23 00:01:18"
"ADNI4","ADNI4-QPR-363","2/3","2025-12-23 00:01:18"
"ADNI4","ADNI4-QJ9-GN9","3/3","2025-12-23 00:01:18"
"ADNI4","ADNI4-QDJ-HQP","3/4","2025-12-23 00:01:18"
"ADNI4","ADNI4-Q3P-973","3/4","2025-12-23 00:01:18"
"ADNI4","ADNI4-PW6-N64","3/3","2025-12-23 00:01:18"
"ADNI4","ADNI4-PNF-QPR","2/3","2025-12-23 00:01:18"
"ADNI4","ADNI4-PKR-LLW","3/3","2025-12-23 00:01:18"
"ADNI4","ADNI4-PDG-PFQ","4/4","2025-12-23 00:01:18"
"ADNI4","ADNI4-NYN-XDJ","3/4","2025-12-23 00:01:18"
"ADNI4","ADNI4-NPM-DPL","4/4","2025-12-23 00:01:18"
"ADNI4","ADNI4-NMW-QLK","3/4","2025-12-23 00:01:18"
"ADNI4","ADNI4-NMQ-HXF","2/4","2025-12-23 00:01:18"
"ADNI4","ADNI4-NMC-MN9","3/3","2025-12-23 00:01:18"
"ADNI4","ADNI4-NGP-XXR","3/3","2025-12-23 00:01:18"
"ADNI4","ADNI4-MJ3-76F","3/3","2025-12-23 00:01:18"
"ADNI4","ADNI4-M9J-RK9","3/3","2025-12-23 00:01:18"
"ADNI4","ADNI4-LXD-KXL","3/3","2025-12-23 00:01:18"
"ADNI4","ADNI4-LPK-PDX","3/3","2025-12-23 00:01:18"
"ADNI4","ADNI4-LP9-MDY","3/3","2025-12-23 00:01:18"
"ADNI4","ADNI4-KWL-KPP","3/4","2025-12-23 00:01:18"
"ADNI4","ADNI4-KNP-QXW","3/4","2025-12-23 00:01:18"
"ADNI4","ADNI4-KHH-J3K","3/3","2025-12-23 00:01:18"
"ADNI4","ADNI4-HKN-RLN","3/3","2025-12-23 00:01:18"
"ADNI4","ADNI4-GYR-GGD","3/3","2025-12-23 00:01:18"
"ADNI4","ADNI4-GFW-NJF","3/3","2025-12-23 00:01:18"
"ADNI4","ADNI4-GDR-767","3/3","2025-12-23 00:01:18"
"ADNI4","ADNI4-FNP-DCD","3/4","2025-12-23 00:01:18"
"ADNI4","ADNI4-FMQ-YXX","2/3","2025-12-23 00:01:18"
"ADNI4","ADNI4-F7N-N4G","3/4","2025-12-23 00:01:18"
"ADNI4","ADNI4-DXG-YG9","3/3","2025-12-23 00:01:18"
"ADNI4","ADNI4-DNJ-PL9","3/4","2025-12-23 00:01:18"
"ADNI4","ADNI4-DJM-NJX","4/4","2025-12-23 00:01:18"
"ADNI4","ADNI4-DGQ-HWY","3/3","2025-12-23 00:01:18"
"ADNI4","ADNI4-DCP-XJJ","3/3","2025-12-23 00:01:18"
"ADNI4","ADNI4-D3Y-36D","3/3","2025-12-23 00:01:18"
"ADNI4","ADNI4-CDL-FHM","3/4","2025-12-23 00:01:18"
"ADNI4","ADNI4-99M-QPR","3/3","2025-12-23 00:01:18"
"ADNI4","ADNI4-77Y-G6K","2/3","2025-12-23 00:01:18"
"ADNI4","ADNI4-6LW-Y9Y","4/4","2025-12-23 00:01:18"
"ADNI4","ADNI4-6GM-77N","3/3","2025-12-23 00:01:18"
"ADNI4","ADNI4-677-WKL","3/4","2025-12-23 00:01:18"
"ADNI4","ADNI4-4W6-JCP","4/4","2025-12-23 00:01:18"
"ADNI4","ADNI4-7D4-N6M","3/3","2026-04-28 16:03:01"
"ADNI4","ADNI4-974-3RF","2/3","2026-04-28 16:03:01"
"ADNI4","ADNI4-9MQ-CWR","2/3","2026-04-28 16:03:01"
"ADNI4","ADNI4-9WL-XPN","3/3","2026-04-28 16:03:01"
"ADNI4","ADNI4-DHF-LCR","3/3","2026-04-28 16:03:01"
"ADNI4","ADNI4-DYN-LCL","3/3","2026-04-28 16:03:01"
"ADNI4","ADNI4-FK7-P73","3/3","2026-04-28 16:03:01"
"ADNI4","ADNI4-FNM-KJJ","3/3","2026-04-28 16:03:01"
"ADNI4","ADNI4-KP7-46M","3/3","2026-04-28 16:03:01"
"ADNI4","ADNI4-KRC-HXF","3/4","2026-04-28 16:03:01"
"ADNI4","ADNI4-MKJ-NFJ","3/4","2026-04-28 16:03:01"
"ADNI4","ADNI4-QYK-9L9","3/3","2026-04-28 16:03:01"
"ADNI4","ADNI4-W69-J6K","3/3","2026-04-28 16:03:01"
"ADNI4","ADNI4-NQN-YHM","3/4","2026-04-28 16:03:01"
"ADNI4","ADNI4-GK9-XYL","3/3","2026-04-28 16:03:01"
"ADNI4","ADNI4-X3M-DJ7","3/4","2026-08-09 22:35:16"
"ADNI4","ADNI4-QW7-W76","3/3","2026-08-09 22:35:16"
"ADNI4","ADNI4-NHW-FFL","3/4","2026-08-09 22:35:16"
"ADNI4","ADNI4-MRK-YWL","3/4","2026-08-09 22:35:16"
"ADNI4","ADNI4-MNX-YCH","3/3","2026-08-09 22:35:16"
"ADNI4","ADNI4-LPQ-HFK","2/3","2026-08-09 22:35:16"
"ADNI4","ADNI4-JFG-YQW","3/3","2026-08-09 22:35:16"
"ADNI4","ADNI4-FPK-RFP","3/3","2026-08-09 22:35:16"
"ADNI4","ADNI4-9JR-MYK","3/3","2026-08-09 22:35:16"
"ADNI4","ADNI4-7W4-MH6","3/3","2026-08-09 22:35:16"